CYT	Best Cluster (kcal/mol)	Run	Largest Cluster (kcal/mol)	Run	Best Cluster Res (kcal/mol)	Run	Largest Cluster Res (kcal/mol)	Run	Largest Cluster Res Best (kcal/mol)	Run	Largest Cluster Res Mean (kcal/mol)	bestbest (kcal/mol)	Run	Largest Cluster	Num in Largest Cluster
P32929_10_399_3cog.1.A_swissmodel_CYT_PLP_4.dlg	-10.01	100	-8.54	66	-6.97	100	-8.04	66	-8.36	43	-2.2	-10.56	41	2	23
P21549_1_392_3r9a_pdb_CYT_PLP_1.dlg	-11.61	20	-11.61	20	-5.51	20	-5.51	20	-6.97	38	-5.23	-8.59	21	1	43
P06737_24_832_3ceh_pdb_CYT_PLP_1.dlg	-13.09	52	-11.79	86	-4.55	52	-4.59	86	-6.9	40	-5.9	-7.36	94	5	10
Q8N5Z0_1_425_2xh1_pdb_CYT_PLP_2.dlg	-14.84	84	-14.51	72	-5.49	84	-5.3	72	-6.64	3	-4.86	-9.75	56	2	17
P20711_1_480_3rbf.1.B_swissmodel_CYT_PLP_1.dlg	-12.91	32	-11.51	4	-2.82	32	-4.68	4	-4.83	14	-4.06	-6.47	46	9	5
O15382_28_392_5bwx_pdb_CYT_PLP_1.dlg	-15.97	36	-15.8	82	-7.96	36	-6.09	82	-8.52	53	-5.88	-9.25	35	2	17
P21549_6_392_3r9a.1.A_swissmodel_CYT_PLP_1.dlg	-12.17	28	-12.14	75	-7.08	28	-5.54	75	-8.13	59	-5.59	-9.08	73	2	40
Q8N5Z0_1_425_4ge4_pdb_CYT_PLP_2.dlg	-16.14	88	-16.14	88	-6.68	88	-6.68	88	-7.55	51	-6.17	-10.77	82	1	21
Q9Y697_67_457_5kz5_pdb_CYT_PLP_8.dlg
P17735_41_444_3dyd_pdb_CYT_PLP_2.dlg	-12.39	44	-12.39	44	-3.67	44	-3.67	44	-5.19	51	-3.59	-5.99	34	1	13
O15382_28_392_5bww_pdb_CYT_PLP_2.dlg	-15.69	54	-13.07	16	-7.69	54	-6.42	16	-7.21	53	-6.5	-9.03	79	8	9
O95470_111_553_4q6r.1.A_swissmodel_CYT_PLP_2.dlg	-16.05	36	-13.24	46	-5.97	36	-8.97	46	-8.97	46	-8.3	-9.16	24	4	21
P20711_1_480_3rbl_pdb_CYT_PLP_1.dlg	-12.56	7	-12.44	57	-2.88	7	-3.61	57	-4.49	66	-3.53	-6.5	26	2	19
O15382_28_392_2hdk_pdb_CYT_PLP_2.dlg	-16.29	94	-16.29	94	-5.83	94	-5.83	94	-7.27	50	-5.9	-10.5	62	1	11
P21549_1_392_4cbr_pdb_CYT_PLP_2.dlg	-12.94	76	-12.94	76	-6.56	76	-6.56	76	-6.78	67	-5.37	-8.2	29	1	42
P34897_17_504_3ou5_pdb_CYT_PLP_2.dlg	-11.68	80	-10.85	41	-2.47	80	-5.77	41	-6.07	94	-5.77	-6.07	94	4	4
Q96I15_8_445_3gzd_pdb_CYT_PLP_1.dlg	-11.46	24	-11.46	24	-8.31	24	-8.31	24	-8.34	100	-5.89	-8.34	100	1	40
Q96QU6_63_482_1ynu.1.A_swissmodel_CYT_PLP_1.dlg	-14.27	44	-12.95	41	-5.37	44	-8.62	41	-8.81	13	-6.29	-8.88	39	2	25
P06737_2_847_3ddw_pdb_CYT_PLP_1.dlg	-13.51	35	-11.75	32	-6.25	35	-5.92	32	-7.11	6	-5.75	-9.43	81	8	14
Q9HD40_1_501_4zdo_pdb_CYT_PLP_2.dlg	-14.76	98	-14.27	50	-6.18	98	-7.39	50	-7.92	90	-6.93	-9.37	66	7	14
P06737_1_847_1l5q_pdb_CYT_PLP_3.dlg	-13.38	69	-13.38	69	-9.26	69	-9.26	69	-9.4	10	-8.16	-9.53	44	1	17
O15382_28_392_2hgw_pdb_CYT_PLP_1.dlg	-16.46	26	-16.46	26	-6.49	26	-6.49	26	-7.37	84	-6.37	-11.34	34	1	16
P21549_1_392_4cbs_pdb_CYT_PLP_2.dlg	-11.7	7	-11.7	7	-6.85	7	-6.85	7	-6.85	7	-5.58	-8.33	67	1	38
Q9GZT4_1_340_3l6b_pdb_CYT_PLP_1.dlg	-13.67	46	-13.45	59	-5.74	46	-7.04	59	-7.73	65	-6.33	-7.73	65	2	13
Q16773_1_422_1w7m_pdb_CYT_PLP_1.dlg	-14.89	66	-14.2	56	-6.24	66	-6.67	56	-7.01	86	-4.88	-8.1	42	2	37
Q9Y600_1_493_2jis_pdb_CYT_PLP_2.dlg	-13.82	81	-13.82	81	-7.39	81	-7.39	81	-7.7	24	-6.44	-9.6	59	1	10
O15270_145_538_1fc4.1.A_swissmodel_CYT_PLP_1.dlg	-5.4	85	-5.4	85	-1.56	85	-1.56	85	-2.59	8	1.66	-4.58	62	1	14
Q8N5Z0_2_425_2vgz_pdb_CYT_PLP_2.dlg	-15.57	2	-14.14	90	-4.31	2	-5.21	90	-6.61	71	-5.35	-9.51	58	3	26
Q16773_1_422_4wp0_pdb_CYT_PLP_2.dlg	-14.32	31	-13.94	93	-6.59	31	-5.57	93	-6.8	89	-5.33	-9.91	78	2	42
Q16773_1_422_4wlh_pdb_CYT_PLP_2.dlg	-14.58	43	-14.58	43	-6.07	43	-6.07	43	-7.24	100	-4.87	-8.31	57	1	36
O15382_28_392_5i5s_pdb_CYT_PLP_2.dlg	-14.89	12	-14.89	12	-6.53	12	-6.53	12	-7.95	11	-6.46	-9.77	2	1	17
P06737_1_847_1em6_pdb_CYT_PLP_2.dlg	-13.27	27	-12.41	39	-5.19	27	-5.51	39	-8.3	67	-6.58	-8.55	24	5	14
Q16773_1_422_1w7m_pdb_CYT_PLP_2.dlg	-14.84	58	-14.84	58	-7.2	58	-7.2	58	-7.2	58	-4.99	-8.06	50	1	41
Q8TBG4_7_438_4ysn.1.A_swissmodel_CYT_PLP_3.dlg	-7.61	16	-7.61	16	-6.49	16	-6.49	16	-7.05	87	-3.14	-7.05	87	1	18
Q9GZT4_3_329_3l6r.1.A_swissmodel_CYT_PLP_1.dlg	-12.85	61	-10.49	83	-4.95	61	-6.17	83	-6.74	50	-5.0	-8.98	18	6	16
P54687_21_386_2abj.1.A_swissmodel_CYT_PLP_2.dlg	-12.82	56	-12.82	56	-5.22	56	-5.22	56	-5.95	71	-5.28	-7.29	55	1	10
Q9BYV1_52_496_5g4i.1.A_swissmodel_CYT_PLP_1.dlg	-12.79	75	-12.62	27	-3.75	75	-5.54	27	-5.76	70	-4.46	-6.68	82	2	17
Q9HD40_1_501_4zdp_pdb_CYT_PLP_4.dlg	-17.19	2	-16.5	54	-6.26	2	-7.07	54	-9.63	33	-6.87	-9.63	33	2	26
Q9Y697_67_457_5kz5_pdb_CYT_PLP_7.dlg
O15382_28_392_2hgw_pdb_CYT_PLP_2.dlg	-15.84	82	-15.84	82	-5.89	82	-5.89	82	-8.18	5	-6.5	-9.38	85	1	17
O15382_28_392_5i60_pdb_CYT_PLP_1.dlg	-13.69	4	-13.69	4	-6.03	4	-6.03	4	-6.28	41	-5.43	-10.33	70	1	6
P21549_1_392_1h0c_pdb_CYT_PLP_2.dlg	-13.21	29	-9.67	1	-6.39	29	-6.66	1	-7.01	10	-6.05	-8.78	28	8	13
P20132_1_328_4h27_pdb_CYT_PLP_1.dlg	-13.6	13	-13.6	13	-7.77	13	-7.77	13	-7.77	13	-6.69	-7.77	13	1	15
P06737_1_847_1l7x_pdb_CYT_PLP_2.dlg	-13.95	20	-13.95	20	-5.96	20	-5.96	20	-8.36	16	-6.57	-9.11	71	1	27
P54687_21_386_2abj.1.A_swissmodel_CYT_PLP_1.dlg	-13.31	77	-12.84	64	-4.99	77	-6.15	64	-7.58	26	-6.11	-8.45	5	2	11
P11216_1_843_5iko_pdb_CYT_PLP_3.dlg	-15.61	20	-15.61	20	-5.25	20	-5.25	20	-6.91	7	-4.82	-8.09	11	1	45
Q8IYQ7_1kl7.1.A_227_740_CYT_PLP_1.dlg	-12.12	97	-10.84	69	-2.93	97	-6.26	69	-6.34	22	-5.63	-6.34	22	4	9
Q86YJ6_1_470_1kl7.1.A_swissmodel_CYT_PLP_1.dlg	-12.81	27	-11.98	93	-4.13	27	-3.38	93	-5.93	59	-3.97	-6.44	44	2	14
Q96I15_29_444_3gzc.1.A_swissmodel_CYT_PLP_2.dlg	-11.77	6	-11.77	6	-2.84	6	-2.84	6	-3.02	84	-1.82	-5.55	5	1	32
P34897_43_504_4pvf.1.A_swissmodel_CYT_PLP_3.dlg	-10.6	70	-9.4	52	-5.97	70	-5.38	52	-6.82	67	-5.76	-7.89	2	3	24
Q8N5Z0_1_425_5tf5_pdb_CYT_PLP_1.dlg	-14.15	80	-14.15	80	-6.95	80	-6.95	80	-7.06	63	-5.3	-8.14	57	1	66
P06737_2_847_3dd1_pdb_CYT_PLP_1.dlg	-14.33	63	-12.14	8	-6.77	63	-6.88	8	-9.0	87	-6.13	-9.0	87	5	17
P04181_1_439_2byj_pdb_CYT_PLP_1.dlg	-12.7	62	-12.7	62	-4.92	62	-4.92	62	-6.46	19	-5.37	-8.03	11	1	15
P21549_1_392_1j04_pdb_CYT_PLP_1.dlg	-14.02	60	-14.02	60	-5.68	60	-5.68	60	-7.94	30	-5.68	-9.62	3	1	33
O15382_28_392_5i5w_pdb_CYT_PLP_1.dlg	-14.65	76	-13.06	68	-6.07	76	-4.51	68	-4.51	68	-3.53	-9.15	17	7	7
Q96I15_8_445_3gzd_pdb_CYT_PLP_2.dlg	-12.25	23	-11.57	54	-2.88	23	-1.67	54	-3.13	94	-1.91	-7.2	68	3	18
P11216_22_840_5iko.1.A_swissmodel_CYT_PLP_4.dlg	-15.62	44	-15.62	44	-5.0	44	-5.0	44	-5.94	66	-4.78	-7.55	56	1	26
Q8N5Z0_1_425_3ue8_pdb_CYT_PLP_2.dlg	-14.64	42	-13.71	43	-4.25	42	-3.83	43	-6.11	55	-4.93	-10.18	29	2	22
Q96EN8_35_495_5j8q.1.A_swissmodel_CYT_PLP_1.dlg	-11.52	46	-10.45	53	-3.49	46	-6.27	53	-6.73	2	-5.31	-7.14	31	3	18
O15382_28_392_5bwt_pdb_CYT_PLP_2.dlg	-15.71	63	-15.71	63	-6.66	63	-6.66	63	-7.02	54	-6.28	-10.03	60	1	9
P20711_1_480_3rbf.1.B_swissmodel_CYT_PLP_2.dlg	-12.59	20	-12.59	20	-7.24	20	-7.24	20	-7.24	20	-6.61	-9.64	22	1	9
Q9Y697_67_457_5kz5_pdb_CYT_PLP_2.dlg
O15382_28_392_2hgx_pdb_CYT_PLP_2.dlg	-14.99	99	-14.29	89	-7.98	99	-4.18	89	-5.33	85	-4.04	-10.55	33	3	11
O15382_28_392_5cr5_pdb_CYT_PLP_1.dlg	-15.7	76	-15.7	76	-6.63	76	-6.63	76	-7.06	98	-5.66	-9.22	84	1	25
Q16773_1_422_4wlj_pdb_CYT_PLP_1.dlg	-16.33	9	-15.28	29	-6.1	9	-6.08	29	-7.35	33	-5.43	-8.56	45	2	25
P32929_1_405_3elp_pdb_CYT_PLP_2.dlg	-11.94	27	-11.94	27	-3.83	27	-3.83	27	-4.48	90	-3.84	-6.55	32	1	8
Q9BYV1_65_508_5g4i.1.A_swissmodel_CYT_PLP_2.dlg	-11.1	51	-11.1	51	-5.23	51	-5.23	51	-5.54	9	-4.36	-7.4	98	1	20
P54687_1_386_2coj_pdb_CYT_PLP_2.dlg	-15.41	6	-15.41	6	-5.28	6	-5.28	6	-6.84	72	-5.43	-10.54	84	1	27
P04181_36_439_2byj.1.A_swissmodel_CYT_PLP_1.dlg	-12.77	49	-10.57	52	-4.34	49	-4.81	52	-7.71	97	-5.95	-9.09	80	10	12
Q9HD40_1_501_3hl2_pdb_CYT_PLP_4.dlg	-16.86	70	-15.6	44	-6.03	70	-4.58	44	-6.96	73	-5.45	-10.04	88	6	13
P23378_53_1006_4lgl.1.A_swissmodel_CYT_PLP_1.dlg	-11.65	33	-10.56	98	-4.78	33	-7.8	98	-7.8	98	-6.75	-7.8	98	2	18
Q9HD40_1_501_3hl2_pdb_CYT_PLP_1.dlg	-17.46	62	-14.38	89	-5.58	62	-5.67	89	-6.27	85	-5.28	-9.18	58	9	20
P11926_1_461_2oo0_pdb_CYT_PLP_2.dlg	-10.19	20	-6.0	27	-5.89	20	-5.84	27	-6.03	62	-4.24	-7.46	69	8	24
Q16773_1_422_4wp0_pdb_CYT_PLP_1.dlg	-14.51	80	-14.51	80	-5.36	80	-5.36	80	-7.17	74	-5.12	-10.41	47	1	44
Q9HD40_1_501_4zdl_pdb_CYT_PLP_3.dlg	-16.28	11	-16.28	11	-7.87	11	-7.87	11	-7.97	82	-7.27	-9.59	86	1	12
Q16773_3_421_4ge9.1.A_swissmodel_CYT_PLP_1.dlg	-8.8	87	-4.05	45	-4.71	87	-4.93	45	-4.93	45	-2.61	-6.1	67	8	9
P19113_2_477_4e1o.1.A_swissmodel_CYT_PLP_2.dlg	-15.2	20	-15.2	20	-6.49	20	-6.49	20	-6.77	43	-5.48	-9.45	95	1	29
P06737_1_847_1l5r_pdb_CYT_PLP_1.dlg	-13.54	34	-12.58	79	-5.04	34	-8.43	79	-8.75	50	-7.68	-8.88	21	8	14
P04181_1_439_2oat_pdb_CYT_PLP_3.dlg	-12.56	14	-11.15	56	-5.63	14	-4.48	56	-6.49	82	-4.7	-7.64	9	3	25
P22557_194_547_1fc4.1.A_swissmodel_CYT_PLP_1.dlg	-13.54	39	-13.54	39	-6.22	39	-6.22	39	-8.88	66	-6.05	-8.88	66	1	55
P21549_1_392_3r9a_pdb_CYT_PLP_2.dlg	-11.53	91	-11.53	91	-6.83	91	-6.83	91	-7.89	40	-5.54	-8.71	65	1	33
Q8NHS2_5_399_3wzf.1.A_swissmodel_CYT_PLP_1.dlg	-11.27	43	-10.08	62	-6.49	43	-4.68	62	-4.68	62	-3.88	-7.1	47	12	7
Q9HD40_1_501_4zdp_pdb_CYT_PLP_3.dlg	-15.97	80	-14.13	69	-5.46	80	-5.88	69	-8.31	61	-6.82	-8.31	61	7	21
P00505_30_430_5ax8_pdb_CYT_PLP_2.dlg	-15.31	97	-15.31	97	-4.37	97	-4.37	97	-5.43	85	-4.6	-10.35	66	1	8
Q8N5Z0_2_425_2vgz_pdb_CYT_PLP_1.dlg	-12.83	63	-12.67	54	-4.67	63	-3.79	54	-6.53	5	-5.43	-8.67	26	3	7
Q9GZT4_3_329_3l6r.1.A_swissmodel_CYT_PLP_2.dlg	-13.76	35	-13.76	35	-6.37	35	-6.37	35	-7.69	88	-5.7	-8.17	34	1	19
Q96I15_29_444_3gzc.1.A_swissmodel_CYT_PLP_1.dlg	-12.18	57	-9.21	3	-7.37	57	-6.55	3	-7.37	79	-6.21	-8.18	76	7	16
Q8TBG4_7_438_4ysn.1.A_swissmodel_CYT_PLP_2.dlg	-7.07	83	-4.44	22	-5.14	83	-4.2	22	-4.2	22	0.13	-7.35	90	2	12
O15382_28_392_5bwr_pdb_CYT_PLP_1.dlg	-15.38	10	-13.92	99	-7.35	10	-6.49	99	-6.49	99	-5.66	-9.02	25	4	9
P00505_30_430_5ax8_pdb_CYT_PLP_1.dlg	-15.06	13	-13.98	15	-4.0	13	-5.92	15	-6.2	71	-5.78	-7.37	24	4	10
P32929_1_405_3elp_pdb_CYT_PLP_1.dlg	-13.49	53	-13.11	88	-4.69	53	-4.81	88	-6.06	65	-4.31	-7.07	59	4	7
Q6YP21_41_450_3e2y.1.A_swissmodel_CYT_PLP_1.dlg	-19.06	68	-19.06	68	-8.69	68	-8.69	68	-8.92	96	-7.22	-9.61	37	1	41
P00505_32_430_5ax8.2.B_swissmodel_CYT_PLP_2.dlg	-15.54	55	-13.79	22	-4.54	55	-5.95	22	-5.95	22	-5.14	-10.89	56	5	12
Q16719_6_460_2hzp.1.A_swissmodel_CYT_PLP_1.dlg	-11.9	26	-11.9	26	-3.97	26	-3.97	26	-4.26	91	-2.89	-7.41	39	1	10
P22557_151_541_2bwp.1.A_swissmodel_CYT_PLP_2.dlg	-9.54	16	-9.5	8	-4.27	16	-5.84	8	-6.9	6	-5.86	-6.9	6	2	32
P34897_43_504_4pvf.1.A_swissmodel_CYT_PLP_1.dlg	-11.05	67	-9.96	12	-5.37	67	-7.08	12	-7.44	93	-5.86	-8.29	83	6	9
O15270_177_540_2bwp.1.A_swissmodel_CYT_PLP_2.dlg	-7.99	89	-6.77	62	-7.1	89	-3.05	62	-6.32	45	-4.48	-7.42	95	3	15
P21549_1_388_2yob_pdb_CYT_PLP_2.dlg	-13.36	65	-13.33	100	-6.89	65	-10.01	100	-10.01	100	-7.35	-10.91	4	2	28
P21549_1_392_4kxk_pdb_CYT_PLP_1.dlg	-9.4	93	-9.4	93	-5.4	93	-5.4	93	-6.04	25	-4.13	-6.76	88	1	27
P06737_2_847_2ati_pdb_CYT_PLP_1.dlg	-13.78	31	-12.13	8	-4.52	31	-7.86	8	-7.97	79	-7.06	-7.97	79	3	20
P54687_21_386_2abj_pdb_CYT_PLP_2.dlg	-14.33	21	-14.33	21	-6.44	21	-6.44	21	-6.78	97	-5.63	-8.69	56	1	9
Q8TBG4_7_438_4ysn.1.A_swissmodel_CYT_PLP_1.dlg	-9.49	92	-9.49	92	-7.11	92	-7.11	92	-7.11	92	-4.71	-8.26	61	1	42
P21549_1_392_4kxk_pdb_CYT_PLP_2.dlg	-10.47	37	-10.47	37	-6.61	37	-6.61	37	-6.83	6	-5.13	-6.83	6	1	54
O15382_28_392_2hdk_pdb_CYT_PLP_1.dlg	-14.95	69	-13.68	5	-8.09	69	-5.81	5	-7.24	52	-5.67	-8.67	6	4	9
P80404_39_499_4y0d.1.A_swissmodel_CYT_PLP_2.dlg	-14.08	1	-14.08	1	-7.03	1	-7.03	1	-8.26	43	-6.24	-8.4	11	1	53
O75600_74_419_2x8u.1.A_swissmodel_CYT_PLP_2.dlg	-12.3	17	-11.61	53	-3.28	17	-6.26	53	-6.81	4	-5.28	-7.78	18	5	13
P24298_19_495_3tcm.1.A_swissmodel_CYT_PLP_2.dlg	-9.26	30	-9.26	30	-5.37	30	-5.37	30	-5.84	34	-1.94	-7.43	47	1	23
Q16773_1_422_3fvx_pdb_CYT_PLP_1.dlg	-14.55	41	-14.55	41	-5.96	41	-5.96	41	-7.8	86	-5.49	-7.8	86	1	56
P32929_10_399_3cog.1.A_swissmodel_CYT_PLP_1.dlg	-6.63	83	-6.56	36	-8.9	83	-3.65	36	-4.9	59	-0.57	-8.9	83	2	16
O15382_28_392_1ekv_pdb_CYT_PLP_1.dlg	-14.84	79	-14.84	79	-5.46	79	-5.46	79	-7.94	15	-6.12	-8.86	6	1	33
P17735_41_444_3dyd.1.A_swissmodel_CYT_PLP_1.dlg	-11.59	91	-11.07	72	-3.78	91	-1.55	72	-2.29	10	-1.64	-5.83	60	3	10
P06737_24_832_3ceh_pdb_CYT_PLP_2.dlg	-14.37	32	-13.17	40	-6.93	32	-8.92	40	-9.04	14	-7.89	-9.04	14	2	18
Q8N5Z0_1_425_4ge9_pdb_CYT_PLP_1.dlg	-16.27	57	-15.29	71	-5.86	57	-10.56	71	-10.62	100	-9.65	-10.62	100	3	30
P04181_36_439_2byj.1.A_swissmodel_CYT_PLP_2.dlg	-13.2	100	-13.2	100	-5.47	100	-5.47	100	-7.24	60	-5.43	-8.47	70	1	24
P34896_8_483_1eji.1.D_swissmodel_CYT_PLP_3.dlg	-10.11	94	-9.77	82	-6.17	94	-6.51	82	-6.51	82	-5.35	-7.21	57	2	14
P06737_24_832_3cem_pdb_CYT_PLP_1.dlg	-15.04	55	-12.86	70	-6.43	55	-8.97	70	-9.22	30	-7.53	-9.27	99	6	18
P11216_1_843_5ikp_pdb_CYT_PLP_1.dlg	-17.16	13	-15.95	3	-2.73	13	-2.55	3	-3.23	64	-2.4	-4.95	17	2	32
Q9Y697_56_457_5usr.1.A_swissmodel_CYT_PLP_1.dlg	-11.04	78	-11.04	78	-1.09	78	-1.09	78	-2.58	93	-1.28	-5.71	56	1	6
O15382_28_392_5i5v_pdb_CYT_PLP_1.dlg	-15.21	44	-12.15	55	-5.14	44	-3.94	55	-4.22	59	-3.56	-10.39	65	16	9
O15382_28_392_5hne_pdb_CYT_PLP_2.dlg	-15.61	89	-12.63	47	-5.77	89	-4.88	47	-6.04	100	-4.66	-10.47	36	15	10
P04181_38_439_1gbn_pdb_CYT_PLP_3.dlg	-12.43	81	-11.77	83	-4.18	81	-4.72	83	-6.47	35	-4.69	-8.32	100	3	26
P20132_1_328_1p5j_pdb_CYT_PLP_1.dlg	-16.2	65	-16.03	23	-7.3	65	-6.35	23	-7.28	91	-6.15	-8.91	56	2	30
P34897_43_504_4pvf.1.A_swissmodel_CYT_PLP_2.dlg	-12.63	83	-10.6	23	-4.42	83	-6.69	23	-7.27	79	-5.89	-7.41	49	3	13
Q96GA7_11_328_2rkb_pdb_CYT_PLP_2.dlg	-13.93	23	-13.5	47	-6.72	23	-5.09	47	-5.64	3	-4.54	-9.2	55	2	6
Q16773_1_422_3fvs_pdb_CYT_PLP_1.dlg	-14.93	84	-14.93	84	-5.73	84	-5.73	84	-7.44	53	-5.7	-7.79	89	1	45
P21549_1_392_1j04_pdb_CYT_PLP_2.dlg	-13.64	62	-13.64	62	-5.64	62	-5.64	62	-7.79	3	-5.62	-9.36	53	1	30
P21549_1_392_1h0c_pdb_CYT_PLP_1.dlg	-12.56	15	-12.56	15	-5.61	15	-5.61	15	-7.32	98	-5.72	-9.25	17	1	20
Q9BYV1_65_508_5g4i.1.A_swissmodel_CYT_PLP_1.dlg	-12.06	86	-11.9	83	-5.28	86	-3.7	83	-4.83	6	-3.84	-5.89	72	2	20
O15382_28_392_5bwu_pdb_CYT_PLP_1.dlg	-15.89	69	-15.89	69	-6.39	69	-6.39	69	-8.31	65	-6.6	-10.07	41	1	16
P34897_22_504_4pvf_pdb_CYT_PLP_2.dlg	-11.65	72	-11.65	72	-6.69	72	-6.69	72	-8.16	18	-6.49	-8.16	18	1	13
P06737_1_847_1l5s_pdb_CYT_PLP_3.dlg	-14.18	47	-13.64	59	-7.37	47	-6.85	59	-8.76	89	-7.03	-8.76	89	2	13
Q96QU6_63_482_1ynu.1.A_swissmodel_CYT_PLP_2.dlg	-13.38	35	-13.38	35	-8.04	35	-8.04	35	-8.41	84	-6.41	-9.07	48	1	21
P11926_7_427_1d7k.1.A_swissmodel_CYT_PLP_2.dlg	-11.7	54	-10.39	35	-6.41	54	-4.6	35	-4.6	35	-3.28	-7.34	65	4	7
P11926_7_427_1d7k.1.A_swissmodel_CYT_PLP_1.dlg	-13.35	13	-10.78	93	-7.37	13	-3.81	93	-4.12	80	-2.81	-10.13	78	5	8
O15382_28_392_1kt8_pdb_CYT_PLP_2.dlg	-16.11	14	-14.18	81	-7.63	14	-6.14	81	-7.6	74	-6.39	-9.85	95	5	29
P20132_4_322_1p5j.1.A_swissmodel_CYT_PLP_1.dlg	-16.32	85	-16.32	85	-7.66	85	-7.66	85	-7.66	85	-6.43	-8.78	46	1	14
Q4AC99_134_553_1m7y.1.A_swissmodel_CYT_PLP_2.dlg	-11.7	82	-11.55	8	-6.67	82	-4.85	8	-4.99	26	-4.41	-7.0	47	2	11
P06737_2_847_2ati_pdb_CYT_PLP_2.dlg	-13.36	33	-12.57	15	-5.52	33	-8.34	15	-9.07	38	-7.06	-9.53	93	5	14
Q9Y697_67_457_5kz5_pdb_CYT_PLP_12.dlg
Q8NHS2_5_399_3wzf.1.A_swissmodel_CYT_PLP_2.dlg	-12.31	49	-10.79	78	-5.31	49	-4.01	78	-5.74	55	-3.99	-6.82	53	6	13
Q16773_1_422_4wlh_pdb_CYT_PLP_1.dlg	-14.13	7	-14.13	7	-5.37	7	-5.37	7	-7.67	3	-5.25	-7.67	3	1	67
Q9GZT4_1_340_3l6r_pdb_CYT_PLP_2.dlg	-12.87	64	-12.87	64	-7.02	64	-7.02	64	-7.41	60	-6.15	-7.41	60	1	14
P21549_1_392_4cbs_pdb_CYT_PLP_1.dlg	-11.82	81	-11.82	81	-7.48	81	-7.48	81	-7.48	81	-5.73	-8.13	88	1	47
O15382_28_392_5i5y_pdb_CYT_PLP_2.dlg	-15.26	37	-14.85	27	-7.04	37	-7.71	27	-7.71	27	-6.12	-9.92	82	2	13
P11216_1_843_5iko_pdb_CYT_PLP_2.dlg	-15.09	60	-14.57	92	-7.43	60	-4.61	92	-6.83	29	-4.91	-7.43	60	4	22
O15270_145_538_1fc4.1.A_swissmodel_CYT_PLP_2.dlg	-5.94	41	-4.03	18	-4.34	41	-4.16	18	-5.11	53	-1.71	-5.47	35	2	11
Q4AC99_134_553_1m7y.1.A_swissmodel_CYT_PLP_1.dlg	-12.33	10	-11.6	1	-3.58	10	-6.25	1	-6.25	1	-5.1	-6.25	1	4	16
P06737_24_832_3cem_pdb_CYT_PLP_2.dlg	-14.34	26	-12.59	31	-6.69	26	-6.82	31	-8.92	4	-7.08	-8.92	4	4	15
Q16773_1_422_4wlj_pdb_CYT_PLP_2.dlg	-16.26	92	-15.68	4	-6.28	92	-6.31	4	-7.09	16	-5.49	-8.52	74	2	40
O15382_28_392_1ekp_pdb_CYT_PLP_2.dlg	-15.01	83	-13.74	48	-7.65	83	-5.57	48	-7.39	29	-6.19	-9.02	79	4	13
Q9HD40_1_501_4zdl_pdb_CYT_PLP_4.dlg	-16.68	11	-16.53	8	-5.71	11	-7.58	8	-8.31	53	-7.27	-8.31	53	2	36
O15382_28_392_2hg8_pdb_CYT_PLP_1.dlg	-15.69	89	-14.82	70	-6.08	89	-5.3	70	-7.63	13	-5.97	-11.39	33	4	15
Q9HD40_19_462_4zdl.1.A_swissmodel_CYT_PLP_1.dlg	-18.8	67	-18.33	7	-8.98	67	-5.85	7	-7.23	76	-6.26	-9.82	54	2	13
P17174_14_412_3ii0_pdb_CYT_PLP_1.dlg	-15.37	28	-15.37	28	-7.8	28	-7.8	28	-7.8	28	-6.55	-8.98	20	1	23
Q8N5Z0_1_425_2xh1_pdb_CYT_PLP_1.dlg	-13.79	86	-13.79	86	-4.79	86	-4.79	86	-5.06	91	-4.02	-10.79	45	1	11
Q9HD40_1_501_3hl2_pdb_CYT_PLP_2.dlg	-17.06	35	-16.57	6	-5.89	35	-6.07	6	-7.86	27	-5.81	-9.25	15	4	18
P0DN79_41_550_4l3v.1.A_swissmodel_CYT_PLP_2.dlg	-4.76	18	-0.8	4	-2.27	18	-4.0	4	-5.11	3	-2.66	-6.85	98	3	7
P17735_41_444_3dyd.1.A_swissmodel_CYT_PLP_2.dlg	-12.43	76	-11.55	90	-4.58	76	-4.29	90	-4.45	20	-4.19	-6.18	39	4	11
P20711_1_480_3rch_pdb_CYT_PLP_1.dlg	-10.83	88	-10.81	27	-3.12	88	-6.08	27	-6.08	27	-5.09	-6.08	27	2	14
Q16773_1_422_3fvx_pdb_CYT_PLP_2.dlg	-15.13	92	-15.13	92	-6.17	92	-6.17	92	-7.32	54	-5.62	-7.32	54	1	75
Q16773_4_422_4wp0.1.A_swissmodel_CYT_PLP_2.dlg	-14.31	55	-14.31	55	-6.12	55	-6.12	55	-7.68	58	-5.03	-9.27	68	1	62
O15382_28_392_5i5y_pdb_CYT_PLP_1.dlg	-14.7	48	-14.7	48	-4.79	48	-4.79	48	-6.77	84	-5.26	-9.87	50	1	10
O15382_28_392_1kta_pdb_CYT_PLP_2.dlg	-15.54	8	-15.54	8	-5.4	8	-5.4	8	-7.6	49	-6.2	-9.15	73	1	39
P32929_1_402_2nmp_pdb_CYT_PLP_3.dlg	-11.76	67	-11.76	67	-7.62	67	-7.62	67	-8.73	66	-5.98	-9.6	81	1	23
Q9HD40_1_501_4zdo_pdb_CYT_PLP_4.dlg	-14.87	70	-13.97	10	-5.65	70	-5.59	10	-7.65	45	-5.36	-9.03	60	5	12
Q8N5Z0_1_425_5efs_pdb_CYT_PLP_2.dlg	-14.92	74	-14.51	36	-4.49	74	-7.57	36	-7.57	36	-5.8	-10.43	4	2	31
Q9Y617_17_370_3e77.1.A_swissmodel_CYT_PLP_1.dlg	-13.55	7	-13.04	48	-4.59	7	-4.43	48	-5.95	39	-5.06	-8.18	64	6	7
P06737_24_832_3cej_pdb_CYT_PLP_2.dlg	-14.01	24	-12.93	41	-7.16	24	-8.75	41	-9.31	82	-7.44	-9.31	82	4	23
O15382_28_392_5i5t_pdb_CYT_PLP_2.dlg	-15.16	39	-14.62	50	-5.84	39	-5.8	50	-6.32	27	-5.87	-9.94	33	2	9
O15382_28_392_5i5v_pdb_CYT_PLP_2.dlg	-14.23	26	-12.44	27	-7.27	26	-5.72	27	-6.39	81	-6.05	-9.93	90	13	6
Q96GA7_11_328_2rkb.1.A_swissmodel_CYT_PLP_2.dlg	-12.98	68	-12.0	62	-4.54	68	-5.88	62	-7.01	26	-5.2	-9.62	75	10	9
O14977_2_437_4zgz_pdb_CYT_PLP_1.dlg	-9.69	61	-7.69	39	-6.3	61	-4.43	39	-5.77	35	-4.25	-6.94	83	15	7
P04181_38_439_1gbn_pdb_CYT_PLP_2.dlg	-12.55	60	-12.55	60	-5.14	60	-5.14	60	-6.32	33	-4.63	-8.28	97	1	24
Q6ZQY3_35_521_2jis.1.A_swissmodel_CYT_PLP_1.dlg	-14.4	62	-14.4	62	-6.43	62	-6.43	62	-6.84	9	-5.74	-7.5	32	1	17
O75600_24_417_2jg2.1.A_swissmodel_CYT_PLP_2.dlg	-13.32	50	-13.07	23	-6.47	50	-5.02	23	-5.36	60	-4.76	-6.47	50	2	10
P06737_2_847_3dds_pdb_CYT_PLP_1.dlg	-13.12	44	-12.38	63	-6.03	44	-6.47	63	-8.73	18	-7.02	-9.23	31	2	17
Q9Y600_1_493_2jis_pdb_CYT_PLP_1.dlg	-15.11	49	-15.11	49	-6.07	49	-6.07	49	-7.53	45	-6.32	-8.79	47	1	13
Q9NUV7_155_530_2x8u.1.A_swissmodel_CYT_PLP_2.dlg	-12.15	41	-12.15	41	-5.39	41	-5.39	41	-5.63	78	-4.43	-7.45	67	1	11
Q4AC99_168_554_3ath.1.A_swissmodel_CYT_PLP_1.dlg	-12.51	96	-12.51	96	-6.55	96	-6.55	96	-6.55	96	-5.36	-6.62	46	1	11
Q9NUV7_155_530_2x8u.1.A_swissmodel_CYT_PLP_1.dlg	-12.24	85	-12.24	85	-4.99	85	-4.99	85	-6.1	24	-4.69	-7.49	97	1	34
P34896_8_483_1eji.1.D_swissmodel_CYT_PLP_4.dlg	-9.82	63	-9.0	10	-6.01	63	-5.66	10	-5.79	75	-4.84	-7.55	39	3	16
Q9Y697_67_457_5kz5_pdb_CYT_PLP_1.dlg
Q8N5Z0_1_425_4geb_pdb_CYT_PLP_1.dlg	-15.96	25	-13.51	14	-5.39	25	-3.75	14	-4.89	86	-3.81	-10.55	28	5	11
P04181_38_439_1gbn_pdb_CYT_PLP_1.dlg	-13.63	8	-12.1	42	-4.66	8	-4.5	42	-6.1	59	-4.62	-8.03	25	5	29
P17174_2_413_3wzf_pdb_CYT_PLP_2.dlg	-14.34	17	-13.42	64	-4.48	17	-6.51	64	-7.28	44	-5.64	-8.28	90	4	8
P13196_199_595_2bwp.1.A_swissmodel_CYT_PLP_2.dlg	-9.91	18	-9.91	18	-6.32	18	-6.32	18	-6.8	46	-5.67	-7.37	77	1	37
O15382_28_392_1kt8_pdb_CYT_PLP_1.dlg	-15.75	63	-15.75	63	-7.09	63	-7.09	63	-7.89	37	-6.54	-9.66	55	1	42
Q8IYQ7_1kl7.1.A_227_740_CYT_PLP_2.dlg	-11.51	62	-11.27	47	-3.12	62	-3.23	47	-6.48	67	-5.74	-6.48	67	3	8
Q9BYV1_52_496_5g4i.1.A_swissmodel_CYT_PLP_2.dlg	-11.7	46	-10.43	44	-4.89	46	-2.68	44	-5.57	12	-3.31	-5.97	95	8	9
P11216_22_840_5iko.1.A_swissmodel_CYT_PLP_3.dlg	-15.03	91	-15.03	91	-4.89	91	-4.89	91	-6.3	2	-4.67	-8.42	78	1	31
Q9HD40_1_501_4zdl_pdb_CYT_PLP_1.dlg	-16.18	99	-16.18	99	-7.86	99	-7.86	99	-8.0	37	-6.74	-8.59	49	1	17
Q9Y697_67_457_5kz5_pdb_CYT_PLP_5.dlg
P06737_24_832_3cej_pdb_CYT_PLP_1.dlg	-13.04	52	-12.65	79	-6.35	52	-5.59	79	-8.37	62	-6.47	-8.37	62	3	23
P11216_1_843_5iko_pdb_CYT_PLP_1.dlg	-14.96	3	-14.96	3	-5.08	3	-5.08	3	-6.83	84	-4.93	-7.59	54	1	14
Q9HD40_1_501_4zdp_pdb_CYT_PLP_1.dlg	-15.41	88	-15.02	15	-5.42	88	-6.2	15	-6.2	15	-5.03	-8.62	50	3	11
P06737_1_847_1exv_pdb_CYT_PLP_1.dlg	-13.78	72	-12.33	30	-4.69	72	-9.12	30	-9.12	30	-7.62	-9.12	30	7	17
Q4AC99_168_554_3ath.1.A_swissmodel_CYT_PLP_2.dlg	-12.03	33	-12.03	33	-5.74	33	-5.74	33	-5.85	19	-4.87	-6.78	76	1	20
P34896_8_483_1eji.1.D_swissmodel_CYT_PLP_1.dlg	-12.29	59	-10.78	60	-8.04	59	-7.12	60	-8.16	12	-6.62	-8.16	12	3	33
P13196_240_598_3tqx.1.A_swissmodel_CYT_PLP_1.dlg	-12.96	14	-11.52	21	-4.05	14	-7.17	21	-8.2	81	-6.86	-8.2	81	7	15
O75600_41_418_3tqx.1.A_swissmodel_CYT_PLP_1.dlg	-13.17	91	-12.46	18	-6.9	91	-7.06	18	-8.27	62	-6.89	-8.27	62	3	21
Q8TBG4_7_438_4ysn.1.A_swissmodel_CYT_PLP_4.dlg	-9.55	49	-8.45	86	-8.44	49	-7.43	86	-7.86	97	-4.59	-8.44	49	2	43
Q9HD40_1_501_4zdo_pdb_CYT_PLP_1.dlg	-15.86	70	-13.62	67	-5.89	70	-3.63	67	-6.7	42	-4.31	-8.75	14	6	12
Q16773_1_422_1w7n_pdb_CYT_PLP_2.dlg	-15.86	73	-15.86	73	-5.3	73	-5.3	73	-6.74	47	-4.83	-9.55	88	1	45
Q9Y617_17_370_3e77_pdb_CYT_PLP_2.dlg	-13.87	6	-13.22	98	-6.33	6	-4.84	98	-5.28	56	-4.61	-8.95	63	4	6
O15382_28_392_5bwu_pdb_CYT_PLP_2.dlg	-16.29	38	-16.29	38	-6.48	38	-6.48	38	-8.74	55	-6.59	-10.54	61	1	19
Q16773_1_422_1w7l_pdb_CYT_PLP_2.dlg	-13.4	76	-13.4	76	-5.11	76	-5.11	76	-7.06	28	-4.97	-7.54	39	1	40
P06737_1_847_1l5r_pdb_CYT_PLP_4.dlg	-14.21	63	-11.55	20	-6.99	63	-5.89	20	-8.0	57	-6.22	-8.91	14	9	14
P11926_7_427_1d7k_pdb_CYT_PLP_1.dlg	-12.4	71	-12.4	71	-10.88	71	-10.88	71	-10.88	71	-9.02	-10.88	71	1	8
P06737_2_847_1fc0_pdb_CYT_PLP_2.dlg	-14.2	39	-14.2	39	-6.26	39	-6.26	39	-8.47	70	-6.78	-8.47	70	1	26
Q9Y697_67_457_5kz5_pdb_CYT_PLP_6.dlg
Q9Y697_67_457_5kz5_pdb_CYT_PLP_10.dlg
Q9GZT4_1_340_3l6b_pdb_CYT_PLP_2.dlg	-14.67	47	-12.09	43	-8.2	47	-6.15	43	-7.0	50	-5.37	-8.91	2	6	15
Q9NUV7_105_529_4bmk.1.A_swissmodel_CYT_PLP_1.dlg	-14.16	38	-14.16	38	-7.56	38	-7.56	38	-8.29	94	-6.89	-8.89	59	1	78
Q9Y697_67_457_5kz5_pdb_CYT_PLP_9.dlg
P54687_1_386_2coj_pdb_CYT_PLP_1.dlg	-15.57	30	-15.57	30	-5.42	30	-5.42	30	-7.11	66	-5.66	-9.35	59	1	37
Q9HD40_1_501_4zdo_pdb_CYT_PLP_3.dlg	-14.35	5	-14.27	7	-5.4	5	-4.2	7	-5.59	86	-3.89	-8.89	58	2	13
O15382_28_392_2hgx_pdb_CYT_PLP_1.dlg	-16.03	95	-16.03	95	-6.47	95	-6.47	95	-7.79	17	-6.49	-9.26	47	1	23
O15382_28_392_5i5u_pdb_CYT_PLP_2.dlg	-16.19	23	-16.19	23	-7.46	23	-7.46	23	-8.39	22	-6.91	-10.97	9	1	18
P06737_1_847_1l7x_pdb_CYT_PLP_3.dlg	-13.83	7	-11.64	79	-7.45	7	-7.45	79	-8.72	73	-7.25	-8.98	49	11	10
P04181_1_439_1oat_pdb_CYT_PLP_1.dlg	-12.01	42	-11.17	93	-5.08	42	-3.6	93	-5.25	63	-3.05	-9.1	48	2	10
Q05329_88_584_2okk_pdb_CYT_PLP_2.dlg	-13.73	50	-12.47	71	-2.65	50	-3.4	71	-4.27	60	-3.51	-8.72	30	2	6
P24298_19_495_3tcm.1.A_swissmodel_CYT_PLP_1.dlg	-9.22	54	-9.22	54	-5.52	54	-5.52	54	-6.44	35	-4.07	-6.44	35	1	47
O15382_28_392_5bwr_pdb_CYT_PLP_2.dlg	-14.4	7	-13.36	93	-4.92	7	-5.7	93	-5.73	81	-5.02	-9.89	85	7	12
P21549_1_388_2yob_pdb_CYT_PLP_1.dlg	-13.45	41	-13.38	52	-9.32	41	-8.08	52	-8.74	51	-6.57	-9.65	20	2	24
O15382_28_392_5i5s_pdb_CYT_PLP_1.dlg	-15.43	34	-14.85	81	-7.48	34	-8.32	81	-8.33	67	-6.98	-10.87	60	2	13
P20711_1_480_3rbf_pdb_CYT_PLP_1.dlg	-12.55	39	-12.13	19	-4.72	39	-4.34	19	-4.7	76	-3.36	-7.58	27	2	11
Q9Y697_67_457_5kz5_pdb_CYT_PLP_4.dlg
O15382_28_392_1ekf_pdb_CYT_PLP_1.dlg	-15.63	16	-12.97	89	-4.31	16	-7.12	89	-7.22	23	-6.4	-9.67	85	11	10
Q6ZQY3_35_520_5hsj.1.A_swissmodel_CYT_PLP_2.dlg	-12.8	100	-12.8	100	-5.19	100	-5.19	100	-5.19	100	-4.19	-7.19	91	1	9
P17735_51_442_4ge9.1.A_swissmodel_CYT_PLP_1.dlg	-10.46	41	-8.98	27	-5.36	41	-6.14	27	-7.33	58	-5.93	-7.9	22	6	22
Q9HD40_1_501_3hl2_pdb_CYT_PLP_3.dlg	-16.54	59	-15.29	91	-6.11	59	-6.36	91	-6.39	55	-5.69	-9.07	63	4	13
Q05329_88_584_2okk_pdb_CYT_PLP_1.dlg	-12.72	17	-11.24	87	-4.78	17	-4.4	87	-5.61	28	-4.24	-7.93	56	5	11
P17735_41_444_3dyd_pdb_CYT_PLP_1.dlg	-12.52	65	-11.0	66	-3.53	65	-1.36	66	-2.16	25	-1.57	-8.58	57	4	15
P04181_1_439_2oat_pdb_CYT_PLP_1.dlg	-12.57	97	-12.57	97	-4.49	97	-4.49	97	-6.85	23	-5.33	-7.81	41	1	38
P20711_1_480_3rbf_pdb_CYT_PLP_2.dlg	-11.73	20	-11.73	20	-4.31	20	-4.31	20	-4.31	20	-3.07	-7.17	40	1	9
P11926_2_421_4zgy_pdb_CYT_PLP_1.dlg	-12.56	72	-9.54	40	-4.74	72	-4.62	40	-4.86	46	-4.26	-7.94	67	23	8
P11217_13_837_3zcp.1.A_swissmodel_CYT_PLP_1.dlg	-13.66	59	-13.35	20	-6.68	59	-6.54	20	-7.81	88	-5.66	-8.18	10	3	16
O95470_62_568_4q6r_pdb_CYT_PLP_1.dlg	-15.48	75	-14.5	24	-6.5	75	-9.11	24	-9.11	24	-8.06	-9.2	16	3	38
Q99259_93_593_2okj.1.A_swissmodel_CYT_PLP_1.dlg	-11.27	92	-9.29	99	-7.55	92	-6.6	99	-6.99	23	-5.55	-9.04	89	6	15
P06737_1_847_1l7x_pdb_CYT_PLP_1.dlg	-13.96	95	-12.33	100	-6.5	95	-8.77	100	-8.79	25	-7.56	-8.79	25	6	18
O15382_28_392_5hne_pdb_CYT_PLP_1.dlg	-15.52	82	-15.52	82	-5.96	82	-5.96	82	-7.21	32	-5.83	-9.96	45	1	11
P23378_53_1006_4lgl.1.A_swissmodel_CYT_PLP_2.dlg	-10.63	31	-9.68	86	-5.05	31	-7.04	86	-7.14	96	-6.35	-7.2	51	5	15
Q16773_1_422_1w7l_pdb_CYT_PLP_1.dlg	-14.23	78	-14.23	78	-6.15	78	-6.15	78	-6.51	15	-5.3	-8.19	42	1	48
Q99259_93_594_2okj_pdb_CYT_PLP_1.dlg	-14.63	46	-12.26	24	-7.79	46	-5.83	24	-8.43	9	-6.14	-9.01	28	3	17
Q6ZQY3_35_520_5hsj.1.A_swissmodel_CYT_PLP_1.dlg	-13.58	88	-13.58	88	-5.46	88	-5.46	88	-5.9	50	-4.4	-7.73	12	1	17
P80404_39_499_4y0d.1.A_swissmodel_CYT_PLP_1.dlg	-15.31	35	-15.31	35	-8.14	35	-8.14	35	-9.27	27	-7.2	-9.27	27	1	61
Q96GA7_11_328_2rkb.1.A_swissmodel_CYT_PLP_1.dlg	-13.16	26	-11.87	20	-5.25	26	-5.92	20	-7.24	38	-5.65	-8.16	32	11	11
Q8TD30_49_523_3ihj_pdb_CYT_PLP_1.dlg	-13.7	89	-13.7	89	-2.92	89	-2.92	89	-4.12	53	-3.21	-9.2	8	1	11
Q6YP21_41_450_3e2y.1.A_swissmodel_CYT_PLP_2.dlg	-18.48	25	-18.48	25	-8.91	25	-8.91	25	-9.06	90	-6.71	-10.68	34	1	32
P54687_1_386_2cog_pdb_CYT_PLP_2.dlg	-14.39	26	-14.39	26	-6.94	26	-6.94	26	-9.46	52	-7.59	-9.46	52	1	18
P06737_1_847_1l5q_pdb_CYT_PLP_2.dlg	-14.11	61	-13.31	78	-8.37	61	-7.83	78	-8.29	24	-7.07	-8.65	13	3	26
Q8N5Z0_1_425_4gdy_pdb_CYT_PLP_1.dlg	-15.72	2	-15.72	2	-6.72	2	-6.72	2	-6.72	2	-5.39	-10.65	29	1	19
P04181_1_439_2oat_pdb_CYT_PLP_2.dlg	-12.7	69	-12.39	79	-5.51	69	-5.72	79	-6.72	73	-5.49	-8.36	98	2	27
O15382_28_392_5i5w_pdb_CYT_PLP_2.dlg	-15.2	79	-14.15	59	-6.02	79	-4.47	59	-5.73	47	-4.18	-8.69	52	3	10
P04181_1_439_1oat_pdb_CYT_PLP_2.dlg	-11.03	37	-8.94	42	-4.41	37	-4.45	42	-5.65	63	-4.73	-8.52	83	11	18
P13196_240_598_3tqx.1.A_swissmodel_CYT_PLP_2.dlg	-12.55	49	-10.13	18	-4.8	49	-5.72	18	-8.33	37	-7.19	-8.33	37	14	15
O15382_28_392_5bwt_pdb_CYT_PLP_1.dlg	-14.2	4	-14.05	31	-7.83	4	-9.8	31	-10.71	81	-8.38	-10.71	81	2	17
Q05329_88_584_2okk.1.A_swissmodel_CYT_PLP_1.dlg	-12.08	57	-10.19	45	-6.36	57	-6.07	45	-6.45	52	-5.79	-9.02	29	13	5
O75600_74_419_2x8u.1.A_swissmodel_CYT_PLP_1.dlg	-12.76	48	-12.1	14	-3.83	48	-6.34	14	-6.43	50	-5.73	-7.98	36	3	20
Q9Y697_56_457_5usr.1.A_swissmodel_CYT_PLP_2.dlg	-13.27	66	-12.97	30	-4.11	66	-3.35	30	-4.56	61	-2.74	-6.31	63	3	9
O15382_28_392_5i5u_pdb_CYT_PLP_1.dlg	-15.6	73	-14.96	19	-6.4	73	-6.86	19	-8.54	83	-6.45	-8.96	84	3	23
P06737_2_847_1xoi_pdb_CYT_PLP_1.dlg	-14.27	58	-14.27	58	-7.03	58	-7.03	58	-9.42	19	-7.85	-9.42	19	1	27
Q8N5Z0_1_425_4ge9_pdb_CYT_PLP_2.dlg	-15.12	91	-15.12	91	-6.27	91	-6.27	91	-7.27	5	-5.76	-10.16	89	1	21
Q9HD40_1_501_4zdp_pdb_CYT_PLP_2.dlg	-16.76	43	-16.76	43	-7.22	43	-7.22	43	-9.16	61	-6.24	-9.37	37	1	15
P06737_1_847_1l7x_pdb_CYT_PLP_4.dlg	-14.23	33	-13.8	92	-7.05	33	-6.74	92	-8.07	38	-6.64	-8.62	96	3	23
Q96I15_8_445_3gzc_pdb_CYT_PLP_2.dlg	-11.03	68	-11.03	68	-3.27	68	-3.27	68	-3.27	68	-1.97	-5.7	93	1	21
Q96QU6_55_475_1m7y.1.A_swissmodel_CYT_PLP_1.dlg	-14.31	72	-12.51	8	-6.07	72	-6.32	8	-6.43	27	-5.31	-8.45	90	3	9
Q16719_6_460_2hzp.1.A_swissmodel_CYT_PLP_2.dlg	-10.68	74	-10.52	23	-3.95	74	-3.35	23	-3.95	36	-2.78	-6.5	51	3	11
O75600_24_417_2jg2.1.A_swissmodel_CYT_PLP_1.dlg	-13.42	11	-12.42	80	-4.47	11	-4.73	80	-5.48	31	-4.45	-7.36	79	6	15
P06737_1_847_1l5q_pdb_CYT_PLP_4.dlg	-13.83	8	-13.62	15	-7.27	8	-9.07	15	-9.38	97	-7.55	-9.38	97	2	17
P06737_1_847_1em6_pdb_CYT_PLP_1.dlg	-14.18	66	-14.04	27	-9.38	66	-6.96	27	-9.64	32	-7.66	-9.64	32	2	29
Q8IUZ5_10_438_5g4i.1.A_swissmodel_CYT_PLP_2.dlg	-15.45	76	-15.44	71	-6.4	76	-6.07	71	-7.77	19	-6.1	-9.32	62	2	13
P20711_1_383_1js6.1.A_swissmodel_CYT_PLP_2.dlg	-14.2	40	-13.64	48	-4.53	40	-3.29	48	-5.65	99	-4.12	-7.63	97	2	18
P17174_2_413_3wzf_pdb_CYT_PLP_1.dlg	-14.51	65	-14.45	45	-4.0	65	-7.79	45	-8.92	66	-7.3	-10.44	29	2	14
P04181_38_439_2can_pdb_CYT_PLP_2.dlg	-12.82	47	-12.82	47	-5.18	47	-5.18	47	-6.69	100	-5.15	-7.83	42	1	30
P34896_8_483_1eji.1.D_swissmodel_CYT_PLP_2.dlg	-11.51	45	-11.07	41	-4.64	45	-7.77	41	-8.76	4	-7.48	-8.76	4	2	25
P21549_1_392_4i8a_pdb_CYT_PLP_1.dlg	-9.05	44	-9.05	44	-8.59	44	-8.59	44	-8.59	44	-5.64	-8.59	44	1	20
Q8N5Z0_1_425_4ge4_pdb_CYT_PLP_1.dlg	-17.08	99	-17.08	99	-6.72	99	-6.72	99	-7.73	51	-6.16	-10.81	92	1	27
P21549_1_392_4kyo_pdb_CYT_PLP_2.dlg	-10.78	84	-10.78	84	-7.35	84	-7.35	84	-7.35	84	-5.23	-7.68	58	1	21
P06737_2_847_1fc0_pdb_CYT_PLP_1.dlg	-14.53	63	-13.97	99	-4.42	63	-4.54	99	-4.54	99	-3.54	-7.0	8	3	28
Q8TD30_49_523_3ihj_pdb_CYT_PLP_2.dlg	-13.75	57	-12.59	87	-4.27	57	-8.36	87	-9.01	8	-7.73	-9.01	8	2	20
P06737_1_847_1l5q_pdb_CYT_PLP_1.dlg	-14.46	19	-13.01	25	-7.24	19	-9.21	25	-9.21	25	-8.09	-9.64	30	7	22
P06737_1_847_2zb2_pdb_CYT_PLP_1.dlg	-12.96	2	-12.96	2	-6.46	2	-6.46	2	-6.46	2	-5.55	-8.18	33	1	12
O15382_28_392_5i5t_pdb_CYT_PLP_1.dlg	-16.06	78	-16.06	78	-7.3	78	-7.3	78	-7.78	45	-6.57	-9.47	44	1	19
P54687_1_386_2cog_pdb_CYT_PLP_1.dlg	-15.21	94	-15.21	94	-6.99	94	-6.99	94	-7.92	17	-5.88	-8.91	64	1	31
Q8N5Z0_1_425_5tf5_pdb_CYT_PLP_2.dlg	-15.3	52	-15.3	52	-5.69	52	-5.69	52	-6.4	66	-5.38	-8.4	61	1	50
P0DN79_43_545_4pcu.1.A_swissmodel_CYT_PLP_2.dlg	-10.22	94	-9.42	20	-5.42	94	-5.47	20	-6.25	10	-5.51	-7.2	42	5	15
P32929_1_402_3cog_pdb_CYT_PLP_2.dlg	-12.45	54	-12.45	54	-5.42	54	-5.42	54	-5.42	54	-4.91	-7.01	34	1	13
O15382_28_392_5bwx_pdb_CYT_PLP_2.dlg	-16.45	32	-16.45	32	-6.2	32	-6.2	32	-8.12	61	-6.8	-10.0	52	1	17
Q9Y600_7_493_2jis.1.A_swissmodel_CYT_PLP_2.dlg	-13.49	86	-13.49	86	-5.6	86	-5.6	86	-5.76	13	-4.64	-6.75	79	1	12
P22557_194_547_1fc4.1.A_swissmodel_CYT_PLP_2.dlg	-13.25	10	-13.25	10	-7.97	10	-7.97	10	-8.3	42	-6.28	-8.3	42	1	70
Q9NUV7_105_529_4bmk.1.A_swissmodel_CYT_PLP_2.dlg	-15.42	59	-13.42	80	-6.72	59	-6.59	80	-7.14	55	-6.23	-8.05	3	2	22
P21549_1_392_4i8a_pdb_CYT_PLP_2.dlg	-8.71	20	-5.88	74	-8.03	20	-6.65	74	-6.69	63	-4.47	-8.03	20	4	23
P20711_1_480_3rbl_pdb_CYT_PLP_2.dlg	-12.2	47	-11.86	98	-8.77	47	-5.65	98	-6.13	77	-5.56	-9.42	30	2	10
P04181_38_439_2can_pdb_CYT_PLP_1.dlg	-12.2	13	-11.93	72	-4.14	13	-5.55	72	-6.51	69	-5.32	-7.94	38	4	29
P32929_1_402_3cog_pdb_CYT_PLP_3.dlg	-8.16	92	-7.36	97	-9.06	92	-6.07	97	-7.1	48	-2.87	-9.29	33	2	20
Q9Y617_17_370_3e77.1.A_swissmodel_CYT_PLP_2.dlg	-13.92	78	-13.53	15	-2.66	78	-5.27	15	-5.48	39	-4.93	-7.08	73	3	7
O15382_28_392_5bww_pdb_CYT_PLP_1.dlg	-15.51	55	-15.51	55	-5.11	55	-5.11	55	-7.44	84	-6.27	-9.0	98	1	11
Q16773_1_422_3fvu_pdb_CYT_PLP_2.dlg	-14.72	5	-14.72	5	-5.93	5	-5.93	5	-7.17	34	-5.73	-10.43	75	1	27
P0DN79_41_550_4l3v.1.A_swissmodel_CYT_PLP_1.dlg	-3.01	23	-2.0	98	-3.16	23	2.85	98	2.14	25	4.74	-5.81	33	3	10
O15382_28_392_5cr5_pdb_CYT_PLP_2.dlg	-16.48	96	-16.48	96	-6.38	96	-6.38	96	-7.09	44	-6.26	-9.54	42	1	12
Q05329_168_585_4obv.1.A_swissmodel_CYT_PLP_1.dlg	-13.61	72	-12.76	43	-2.6	72	-3.35	43	-4.23	8	-2.77	-6.43	13	2	12
Q8N5Z0_1_425_5eun_pdb_CYT_PLP_1.dlg	-14.45	12	-14.45	12	-3.58	12	-3.58	12	-4.06	81	-2.67	-8.56	33	1	41
Q9Y600_7_493_2jis.1.A_swissmodel_CYT_PLP_1.dlg	-14.61	68	-14.61	68	-6.58	68	-6.58	68	-6.95	99	-6.03	-8.16	54	1	12
Q8N5Z0_1_425_2r2n_pdb_CYT_PLP_2.dlg	-16.38	56	-16.38	56	-5.76	56	-5.76	56	-7.44	40	-5.7	-9.77	3	1	20
P06737_1_847_1l5r_pdb_CYT_PLP_3.dlg	-14.2	29	-14.2	29	-5.97	29	-5.97	29	-7.23	22	-6.6	-9.57	93	1	16
Q8IUZ5_10_438_5g4i.1.A_swissmodel_CYT_PLP_1.dlg	-15.77	27	-15.41	64	-6.49	27	-6.23	64	-6.76	62	-5.71	-8.1	36	2	12
P13196_189_573_3hqt.1.A_swissmodel_CYT_PLP_2.dlg	-10.24	54	-10.23	20	-5.0	54	-5.06	20	-6.22	93	-4.33	-7.18	15	2	19
P04181_1_439_2oat_pdb_CYT_PLP_4.dlg	-12.51	4	-12.01	65	-5.46	4	-4.91	65	-6.54	20	-5.16	-8.83	77	2	17
P54687_1_386_2coi_pdb_CYT_PLP_1.dlg	-14.5	52	-14.5	52	-5.39	52	-5.39	52	-6.52	7	-5.33	-10.61	85	1	23
O15382_28_392_5i60_pdb_CYT_PLP_2.dlg	-16.01	8	-12.0	26	-6.12	8	-4.91	26	-5.16	11	-4.32	-9.49	36	23	12
Q6ZQY3_35_521_2jis.1.A_swissmodel_CYT_PLP_2.dlg	-13.82	38	-13.48	47	-6.49	38	-6.04	47	-6.14	6	-5.28	-9.53	33	2	10
P54687_1_386_2coi_pdb_CYT_PLP_2.dlg	-15.69	43	-15.69	43	-5.58	43	-5.58	43	-7.04	41	-5.52	-9.52	93	1	38
O95470_111_553_4q6r.1.A_swissmodel_CYT_PLP_1.dlg	-13.93	30	-13.88	33	-6.21	30	-8.65	33	-9.15	40	-8.12	-9.15	40	2	35
P34897_43_504_4pvf.1.A_swissmodel_CYT_PLP_4.dlg	-10.76	91	-9.92	33	-4.48	91	-5.6	33	-6.92	46	-5.53	-7.69	84	4	17
Q05329_88_584_2okk.1.A_swissmodel_CYT_PLP_2.dlg	-12.65	89	-12.38	96	-4.55	89	-4.73	96	-4.92	4	-4.2	-7.1	61	3	7
Q16773_4_422_4wp0.1.A_swissmodel_CYT_PLP_1.dlg	-14.06	13	-14.06	13	-5.93	13	-5.93	13	-6.81	75	-5.0	-8.56	83	1	45
Q9HD40_1_501_4zdl_pdb_CYT_PLP_2.dlg	-16.73	12	-16.73	12	-8.15	12	-8.15	12	-8.35	92	-6.98	-8.74	40	1	39
O94903_12_248_1ct5.1.A_swissmodel_CYT_PLP_1.dlg	-11.89	93	-10.42	22	-6.1	93	-5.94	22	-5.94	22	-4.85	-6.37	98	12	7
Q16773_1_422_1w7n_pdb_CYT_PLP_1.dlg	-16.76	25	-16.76	25	-6.29	25	-6.29	25	-7.27	60	-4.95	-9.89	52	1	53
Q9Y697_67_457_5kz5_pdb_CYT_PLP_3.dlg
P04181_1_439_2byl_pdb_CYT_PLP_2.dlg	-11.43	32	-10.85	15	-9.27	32	-6.9	15	-7.66	89	-6.43	-9.27	32	3	19
O75600_41_418_3tqx.1.A_swissmodel_CYT_PLP_2.dlg	-12.99	44	-11.6	57	-5.44	44	-5.77	57	-5.87	68	-4.51	-7.9	90	7	11
O15382_28_392_5bwv_pdb_CYT_PLP_2.dlg	-17.02	91	-17.02	91	-7.39	91	-7.39	91	-9.03	99	-7.9	-10.39	55	1	13
O15382_28_392_1ekv_pdb_CYT_PLP_2.dlg	-16.58	1	-16.58	1	-7.68	1	-7.68	1	-7.68	1	-6.35	-10.59	82	1	19
P32929_1_402_3cog_pdb_CYT_PLP_1.dlg	-8.6	90	-3.98	33	-3.58	90	-6.83	33	-6.83	33	-3.0	-8.48	48	4	20
P34897_22_504_4pvf_pdb_CYT_PLP_4.dlg	-12.26	35	-12.19	55	-6.54	35	-6.03	55	-8.16	38	-6.44	-8.41	69	2	27
O15270_112_537_4bmk.1.A_swissmodel_CYT_PLP_1.dlg	-12.65	3	-12.65	3	-7.99	3	-7.99	3	-7.99	3	-6.83	-7.99	3	1	45
P32929_10_399_3cog.1.A_swissmodel_CYT_PLP_3.dlg	-9.3	91	-9.1	10	-5.65	91	-8.22	10	-8.32	90	-2.0	-10.34	95	2	17
Q8N5Z0_1_425_3dc1_pdb_CYT_PLP_1.dlg	-14.15	73	-13.75	77	-5.89	73	-6.47	77	-7.22	99	-6.27	-9.8	31	2	39
Q8N5Z0_1_425_2r2n_pdb_CYT_PLP_1.dlg	-15.94	94	-15.17	82	-6.98	94	-3.72	82	-5.63	45	-4.37	-10.69	49	5	28
P13196_199_595_2bwp.1.A_swissmodel_CYT_PLP_1.dlg	-8.09	61	-8.09	61	-6.37	61	-6.37	61	-7.14	32	-4.93	-7.14	32	1	25
P11926_1_461_5bwa_pdb_CYT_PLP_1.dlg	-14.27	45	-12.64	13	-9.77	45	-5.54	13	-6.2	36	-4.95	-9.77	45	7	16
P06737_1_847_1l5s_pdb_CYT_PLP_4.dlg	-13.47	18	-12.29	12	-6.49	18	-8.13	12	-8.49	4	-7.35	-9.04	81	4	16
P0DN79_43_545_4pcu.1.A_swissmodel_CYT_PLP_1.dlg	-11.49	36	-9.92	49	-4.06	36	-4.2	49	-4.2	49	-2.96	-8.9	55	11	8
Q9HD40_19_462_4zdl.1.A_swissmodel_CYT_PLP_2.dlg	-19.01	66	-19.01	66	-8.56	66	-8.56	66	-9.07	64	-8.38	-9.67	37	1	39
Q96I15_8_445_3gzc_pdb_CYT_PLP_1.dlg	-12.37	99	-10.02	55	-8.32	99	-8.04	55	-8.04	55	-6.39	-8.46	13	6	18
P04181_1_439_2byj_pdb_CYT_PLP_2.dlg	-12.61	7	-12.08	60	-3.17	7	-5.24	60	-6.18	96	-5.21	-8.64	75	4	14
P21549_1_392_4kyo_pdb_CYT_PLP_1.dlg	-9.32	7	-6.48	65	-6.04	7	-4.02	65	-5.82	80	-4.03	-7.14	18	4	13
P20711_1_480_3rch_pdb_CYT_PLP_2.dlg	-12.77	39	-11.47	92	-4.48	39	-2.21	92	-3.18	76	-2.43	-8.1	48	10	9
P34897_22_504_4pvf_pdb_CYT_PLP_1.dlg	-11.63	34	-8.91	21	-3.03	34	-8.1	21	-8.1	21	-6.66	-8.69	51	16	10
Q16773_3_421_4ge9.1.A_swissmodel_CYT_PLP_2.dlg	-8.34	79	-8.27	6	-4.28	79	-5.53	6	-7.24	87	-5.06	-7.35	42	2	26
P21549_1_392_4cbr_pdb_CYT_PLP_1.dlg	-11.05	39	-10.76	59	-4.74	39	-6.82	59	-6.99	95	-5.39	-7.69	73	2	38
P17174_14_412_3ii0_pdb_CYT_PLP_2.dlg	-14.26	98	-14.26	98	-7.06	98	-7.06	98	-8.24	31	-6.15	-8.79	52	1	31
Q16773_1_422_3fvu_pdb_CYT_PLP_1.dlg	-14.48	83	-14.48	83	-4.8	83	-4.8	83	-5.89	5	-5.16	-9.69	51	1	21
P22557_151_541_2bwp.1.A_swissmodel_CYT_PLP_1.dlg	-9.8	5	-9.8	5	-7.16	5	-7.16	5	-7.16	5	-4.9	-7.81	19	1	20
O15382_28_392_2a1h_pdb_CYT_PLP_2.dlg	-16.0	50	-16.0	50	-5.63	50	-5.63	50	-7.31	33	-5.81	-10.44	61	1	11
P11926_1_461_2on3_pdb_CYT_PLP_2.dlg	-11.47	69	-9.96	23	-5.55	69	-7.5	23	-7.69	8	-7.06	-7.69	8	22	7
P34897_22_504_4pvf_pdb_CYT_PLP_3.dlg	-12.54	62	-11.17	73	-7.4	62	-7.44	73	-7.44	73	-6.29	-8.49	55	2	21
Q16773_1_422_3fvs_pdb_CYT_PLP_2.dlg	-14.66	69	-14.66	69	-6.02	69	-6.02	69	-6.77	85	-5.59	-8.07	36	1	55
Q8N5Z0_1_425_3ue8_pdb_CYT_PLP_1.dlg	-15.86	33	-15.86	33	-5.43	33	-5.43	33	-7.39	72	-4.91	-11.02	85	1	37
P17174_2_413_3wzf.1.A_swissmodel_CYT_PLP_2.dlg	-13.58	43	-13.28	31	-6.7	43	-6.87	31	-7.3	47	-6.09	-7.75	16	2	12
P54687_21_386_2abj_pdb_CYT_PLP_1.dlg	-14.05	63	-13.27	75	-5.55	63	-4.84	75	-7.97	71	-6.43	-9.7	42	4	15
P11926_1_461_2oo0_pdb_CYT_PLP_1.dlg	-11.0	33	-4.26	79	-4.17	33	-4.12	79	-4.89	22	-3.97	-7.85	9	11	16
O15382_28_392_2a1h_pdb_CYT_PLP_1.dlg	-15.46	74	-13.17	22	-5.97	74	-6.24	22	-6.77	83	-5.95	-9.38	65	8	13
Q8N5Z0_1_425_4geb_pdb_CYT_PLP_2.dlg	-15.49	71	-15.49	71	-7.35	71	-7.35	71	-7.52	46	-5.57	-10.84	70	1	16
P06737_6_839_1fa9.1.A_swissmodel_CYT_PLP_2.dlg	-15.59	64	-15.59	64	-6.53	64	-6.53	64	-6.56	79	-5.69	-8.49	65	1	20
Q99259_93_593_2okj.1.A_swissmodel_CYT_PLP_2.dlg	-12.65	64	-12.55	74	-6.06	64	-6.5	74	-7.41	55	-5.49	-8.71	93	2	14
Q8N5Z0_1_425_5efs_pdb_CYT_PLP_1.dlg	-15.55	69	-15.55	69	-8.08	69	-8.08	69	-8.11	92	-5.84	-10.64	60	1	33
P20711_1_383_1js6.1.A_swissmodel_CYT_PLP_1.dlg	-13.85	66	-13.85	66	-5.32	66	-5.32	66	-5.57	25	-4.68	-6.56	37	1	15
Q96EN8_35_495_5j8q.1.A_swissmodel_CYT_PLP_2.dlg	-11.11	69	-10.23	39	-3.54	69	-6.43	39	-6.72	63	-5.54	-7.42	62	6	14
P17735_51_442_4ge9.1.A_swissmodel_CYT_PLP_2.dlg	-11.73	68	-11.39	83	-3.68	68	-6.92	83	-8.39	65	-5.98	-9.59	77	2	23
P19113_2_477_4e1o.1.A_swissmodel_CYT_PLP_1.dlg	-15.12	80	-15.12	80	-6.7	80	-6.7	80	-6.91	3	-5.51	-9.61	58	1	28
Q99259_93_594_2okj_pdb_CYT_PLP_2.dlg	-14.42	93	-14.42	93	-7.12	93	-7.12	93	-9.29	75	-8.11	-9.29	75	1	27
P21549_6_392_3r9a.1.A_swissmodel_CYT_PLP_2.dlg	-11.83	7	-11.83	7	-7.38	7	-7.38	7	-7.38	7	-5.02	-8.43	67	1	30
P32929_10_399_3cog.1.A_swissmodel_CYT_PLP_2.dlg	-12.56	17	-12.56	17	-5.4	17	-5.4	17	-5.75	95	-4.21	-7.09	96	1	24
P34896_11_480_1bj4_pdb_CYT_PLP_1.dlg	-11.76	22	-11.76	22	-2.5	22	-2.5	22	-3.56	85	-2.61	-5.66	9	1	6
P04181_1_439_2byl_pdb_CYT_PLP_1.dlg	-12.18	40	-11.68	17	-4.17	40	-8.51	17	-8.51	17	-6.89	-8.51	17	4	15
O15382_28_392_5bwv_pdb_CYT_PLP_1.dlg	-16.96	86	-14.56	10	-7.73	86	-7.79	10	-8.3	35	-7.23	-10.48	51	2	13
Q99259_90_594_3vp6_pdb_CYT_PLP_2.dlg	-14.39	65	-14.39	65	-9.48	65	-9.48	65	-9.48	65	-8.12	-9.48	65	1	18
Q8N5Z0_1_425_3dc1_pdb_CYT_PLP_2.dlg	-13.36	23	-12.45	52	-2.85	23	-4.78	52	-6.35	4	-4.99	-9.22	12	4	12
P00505_32_430_5ax8.2.B_swissmodel_CYT_PLP_1.dlg	-16.33	79	-16.33	79	-4.4	79	-4.4	79	-4.95	96	-4.2	-7.56	29	1	16
O14977_10_432_4zgz.1.A_swissmodel_CYT_PLP_1.dlg	-9.37	17	-8.98	52	-3.7	17	-2.59	52	-5.39	43	-3.49	-5.39	43	2	9
P32929_1_402_2nmp_pdb_CYT_PLP_1.dlg	-10.35	19	-10.35	19	-7.98	19	-7.98	19	-8.15	99	-6.31	-8.88	50	1	20
O15382_28_392_1ekf_pdb_CYT_PLP_2.dlg	-15.56	90	-14.07	66	-9.14	90	-5.82	66	-6.02	40	-5.65	-10.0	21	6	9
O15270_177_540_2bwp.1.A_swissmodel_CYT_PLP_1.dlg	-7.29	26	-5.76	8	-6.07	26	-5.18	8	-5.73	99	-4.3	-7.78	9	7	20
O15270_112_537_4bmk.1.A_swissmodel_CYT_PLP_2.dlg	-14.46	30	-14.46	30	-6.57	30	-6.57	30	-8.77	82	-7.35	-8.77	82	1	49
P06737_1_847_2zb2_pdb_CYT_PLP_2.dlg	-13.43	100	-13.0	4	-4.3	100	-6.42	4	-7.28	90	-6.1	-8.2	53	4	18
Q9GZT4_1_340_3l6r_pdb_CYT_PLP_1.dlg	-12.36	97	-9.8	53	-4.62	97	-6.65	53	-6.9	84	-5.95	-7.31	7	17	13
P34897_17_504_3ou5_pdb_CYT_PLP_1.dlg	-12.49	80	-10.93	43	-4.0	80	-3.65	43	-4.67	22	-3.65	-5.5	44	6	9
P32929_1_402_2nmp_pdb_CYT_PLP_4.dlg	-11.91	89	-11.34	76	-5.34	89	-6.55	76	-7.87	49	-5.0	-8.69	27	2	20
P13196_189_573_3hqt.1.A_swissmodel_CYT_PLP_1.dlg	-12.64	56	-11.66	91	-7.43	56	-5.44	91	-8.4	80	-6.08	-8.77	37	2	18
P11926_7_427_1d7k_pdb_CYT_PLP_2.dlg	-14.87	23	-10.31	6	-6.98	23	-5.45	6	-5.45	6	-4.58	-10.23	45	23	6
P11926_1_461_2on3_pdb_CYT_PLP_1.dlg	-12.26	1	-11.23	100	-5.26	1	-3.43	100	-3.43	100	-3.18	-7.27	14	4	7
P04181_38_439_1gbn_pdb_CYT_PLP_4.dlg	-13.46	88	-11.26	89	-6.17	88	-4.56	89	-6.39	80	-4.69	-8.3	92	8	18
Q9HD40_19_462_4zdl.1.A_swissmodel_CYT_PLP_3.dlg	-18.6	34	-18.6	34	-8.95	34	-8.95	34	-8.95	34	-7.57	-8.96	9	1	14
P06737_1_847_1l5r_pdb_CYT_PLP_2.dlg	-14.21	15	-13.26	40	-6.57	15	-6.12	40	-9.15	67	-7.05	-9.15	67	3	21
Q8N5Z0_1_425_4gdy_pdb_CYT_PLP_2.dlg	-15.26	77	-14.29	30	-6.63	77	-4.2	30	-6.28	79	-4.76	-10.25	38	3	25
P11217_13_837_3zcp.1.A_swissmodel_CYT_PLP_2.dlg	-14.31	71	-14.31	71	-6.47	71	-6.47	71	-7.67	34	-6.04	-7.8	70	1	20
P06737_1_847_1exv_pdb_CYT_PLP_2.dlg	-13.43	96	-12.76	37	-9.42	96	-8.42	37	-8.75	29	-8.0	-9.66	98	4	25
O15382_28_392_2hg8_pdb_CYT_PLP_2.dlg	-15.11	7	-14.0	75	-7.76	7	-3.63	75	-6.21	12	-5.08	-10.41	95	7	13
Q9Y617_17_370_3e77_pdb_CYT_PLP_1.dlg	-13.46	15	-12.74	50	-4.66	15	-3.92	50	-4.97	6	-3.78	-6.85	25	3	10
P11216_22_840_5iko.1.A_swissmodel_CYT_PLP_1.dlg	-15.23	22	-15.23	22	-4.76	22	-4.76	22	-6.62	47	-4.98	-7.14	12	1	18
P06737_1_847_1l5s_pdb_CYT_PLP_2.dlg	-13.53	100	-12.08	79	-6.12	100	-8.26	79	-8.41	87	-7.04	-8.67	9	5	21
P11216_22_840_5iko.1.A_swissmodel_CYT_PLP_2.dlg	-14.88	2	-14.88	2	-5.9	2	-5.9	2	-5.9	2	-4.99	-7.05	52	1	17
P11216_1_843_5iko_pdb_CYT_PLP_4.dlg	-15.47	97	-15.47	97	-4.27	97	-4.27	97	-6.01	23	-4.77	-8.71	88	1	24
O95470_62_568_4q6r_pdb_CYT_PLP_2.dlg	-14.49	73	-14.26	91	-5.99	73	-9.3	91	-9.3	91	-8.49	-9.3	91	2	30
O15382_28_392_1ekp_pdb_CYT_PLP_1.dlg	-15.11	48	-12.52	47	-7.49	48	-6.87	47	-7.03	7	-6.69	-10.7	26	16	10
Q96QU6_55_475_1m7y.1.A_swissmodel_CYT_PLP_2.dlg	-14.64	7	-14.64	7	-7.11	7	-7.11	7	-7.11	7	-5.39	-8.86	82	1	11
Q9Y697_67_457_5kz5_pdb_CYT_PLP_11.dlg
P32929_1_402_3cog_pdb_CYT_PLP_4.dlg	-9.34	32	-9.34	32	-8.74	32	-8.74	32	-8.74	32	-4.17	-10.2	83	1	28
P32929_1_405_3elp_pdb_CYT_PLP_3.dlg	-14.59	79	-14.59	79	-3.88	79	-3.88	79	-3.88	79	-3.42	-7.3	73	1	6
P32929_1_402_2nmp_pdb_CYT_PLP_2.dlg	-12.11	38	-11.82	83	-4.28	38	-4.23	83	-4.93	10	-3.72	-7.65	9	3	6
O15382_28_392_1kta_pdb_CYT_PLP_1.dlg	-15.36	58	-14.57	7	-7.37	58	-5.32	7	-7.27	39	-6.21	-7.94	85	3	31
P06737_6_839_1fa9.1.A_swissmodel_CYT_PLP_1.dlg	-15.62	20	-15.62	20	-5.29	20	-5.29	20	-6.8	55	-5.97	-8.34	8	1	18
P17174_2_413_3wzf.1.A_swissmodel_CYT_PLP_1.dlg	-14.3	14	-13.05	75	-4.6	14	-5.91	75	-6.88	35	-5.31	-7.97	85	5	9
P32929_1_405_3elp_pdb_CYT_PLP_4.dlg	-13.16	42	-11.72	39	-3.02	42	-2.93	39	-3.96	78	-3.03	-6.54	68	3	6
P06737_2_847_1xoi_pdb_CYT_PLP_2.dlg	-14.31	4	-12.38	93	-7.76	4	-8.27	93	-8.54	9	-7.6	-9.32	46	7	16
Q96GA7_11_328_2rkb_pdb_CYT_PLP_1.dlg	-15.21	24	-11.83	34	-4.97	24	-6.68	34	-6.74	75	-5.84	-9.46	61	17	9
O15382_28_392_5i5x_pdb_CYT_PLP_1.dlg	-15.5	1	-15.5	1	-5.64	1	-5.64	1	-7.65	96	-5.99	-8.87	23	1	18
Q9HD40_19_462_4zdl.1.A_swissmodel_CYT_PLP_4.dlg	-18.84	10	-18.84	10	-7.37	10	-7.37	10	-9.16	22	-7.55	-9.16	22	1	44
O15382_28_392_5i5x_pdb_CYT_PLP_2.dlg	-15.17	7	-15.17	7	-7.2	7	-7.2	7	-7.73	60	-6.75	-9.56	35	1	15
P06737_1_847_1l5s_pdb_CYT_PLP_1.dlg	-13.9	97	-13.18	68	-5.62	97	-6.64	68	-8.69	35	-7.39	-8.96	16	3	20
Q99259_90_594_3vp6_pdb_CYT_PLP_1.dlg	-13.05	90	-12.25	22	-4.67	90	-3.75	22	-4.28	2	-3.59	-7.78	71	3	7
