PLP	Best Cluster (kcal/mol)	Run	Largest Cluster (kcal/mol)	Run	Best Cluster Res (kcal/mol)	Run	Largest Cluster Res (kcal/mol)	Run	Largest Cluster Res Best (kcal/mol)	Run	Largest Cluster Res Mean (kcal/mol)	bestbest (kcal/mol)	Run	Largest Cluster	Num in Largest Cluster
P06737_2_847_1xoi_pdb_PLP_1.dlg	-9.73	63	-9.73	63	-10.53	63	-10.53	63	-11.11	74	-10.46	-11.11	74	1	67
Q8TD30_49_523_3ihj_pdb_PLP_1.dlg	-8.87	50	-8.87	50	-9.76	50	-9.76	50	-10.05	76	-9.5	-10.05	76	1	71
Q4AC99_134_553_1m7y.1.A_swissmodel_PLP_2.dlg	-6.82	23	-6.82	23	-7.65	23	-7.65	23	-7.99	61	-7.31	-7.99	61	1	78
Q8N5Z0_1_425_3ue8_pdb_PLP_2.dlg	-9.78	33	-9.66	78	-10.59	33	-10.44	78	-10.58	2	-9.97	-10.59	33	2	53
Q05329_88_584_2okk_pdb_PLP_2.dlg	-9.51	90	-9.51	90	-10.3	90	-10.3	90	-10.32	58	-10.13	-10.32	58	1	84
Q8IUZ5_10_438_5g4i.1.A_swissmodel_PLP_1.dlg	-9.54	47	-9.18	46	-10.23	47	-9.93	46	-10.0	96	-9.69	-10.81	31	5	22
Q6ZQY3_35_520_5hsj.1.A_swissmodel_PLP_1.dlg	-7.15	28	-7.04	38	-8.01	28	-8.0	38	-8.43	55	-8.02	-8.51	78	2	32
P21549_1_392_1j04_pdb_PLP_1.dlg	-9.05	38	-8.35	83	-10.01	38	-9.16	83	-9.66	84	-9.1	-10.15	82	5	42
Q96QU6_55_475_1m7y.1.A_swissmodel_PLP_2.dlg	-8.15	95	-7.93	17	-9.0	95	-9.34	17	-9.34	17	-8.88	-9.34	17	3	27
P21549_6_392_3r9a.1.A_swissmodel_PLP_1.dlg	-8.86	48	-8.86	48	-9.68	48	-9.68	48	-9.68	48	-9.31	-9.68	48	1	68
P17735_51_442_4ge9.1.A_swissmodel_PLP_1.dlg	-8.44	72	-7.94	86	-9.22	72	-9.2	86	-9.23	10	-9.01	-9.23	10	2	48
Q96EN8_35_495_5j8q.1.A_swissmodel_PLP_1.dlg	-6.9	2	-6.88	34	-7.58	2	-7.44	34	-7.74	11	-7.38	-7.87	29	2	31
O15382_28_392_5i5y_pdb_PLP_2.dlg	-10.48	78	-9.67	15	-11.03	78	-10.51	15	-10.84	25	-10.4	-11.34	17	3	59
O15382_28_392_2hgw_pdb_PLP_2.dlg	-10.25	62	-9.91	35	-10.9	62	-10.82	35	-10.94	65	-10.5	-10.94	65	2	68
Q9Y697_67_457_5kz5_pdb_PLP_12.dlg
Q4AC99_168_554_3ath.1.A_swissmodel_PLP_1.dlg	-7.34	8	-7.34	8	-8.55	8	-8.55	8	-8.6	64	-8.26	-8.6	64	1	47
Q9HD40_1_501_4zdo_pdb_PLP_3.dlg	-9.94	22	-8.7	12	-10.86	22	-10.15	12	-10.15	12	-9.92	-10.86	22	4	47
Q8N5Z0_1_425_3ue8_pdb_PLP_1.dlg	-11.42	28	-11.42	28	-12.33	28	-12.33	28	-12.5	6	-11.83	-12.5	6	1	61
Q99259_90_594_3vp6_pdb_PLP_2.dlg	-10.28	76	-10.28	76	-11.05	76	-11.05	76	-11.08	56	-10.88	-11.08	56	1	78
P04181_36_439_2byj.1.A_swissmodel_PLP_1.dlg	-7.98	43	-7.31	54	-8.96	43	-8.2	54	-8.2	54	-8.07	-9.24	24	3	34
P20711_1_480_3rbf_pdb_PLP_2.dlg	-9.79	79	-9.79	79	-10.53	79	-10.53	79	-10.58	91	-10.25	-10.59	49	1	40
P0DN79_41_550_4l3v.1.A_swissmodel_PLP_1.dlg	-8.11	11	-7.22	54	-8.72	11	-8.33	54	-8.41	21	-8.12	-8.8	38	2	78
P06737_2_847_2ati_pdb_PLP_1.dlg	-8.63	76	-8.41	45	-9.35	76	-9.17	45	-9.78	80	-9.28	-10.07	98	3	34
O15382_28_392_5i5v_pdb_PLP_2.dlg	-10.3	71	-9.92	38	-10.91	71	-10.78	38	-10.95	13	-10.56	-10.95	13	2	81
Q99259_93_594_2okj_pdb_PLP_2.dlg	-9.29	77	-9.29	77	-10.14	77	-10.14	77	-10.31	64	-9.93	-10.31	64	1	84
O15382_28_392_5bwu_pdb_PLP_2.dlg	-10.71	42	-9.73	27	-11.29	42	-10.52	27	-10.87	87	-10.46	-11.29	42	2	56
Q96I15_8_445_3gzc_pdb_PLP_2.dlg	-7.29	47	-7.29	47	-8.06	47	-8.06	47	-8.08	69	-7.74	-8.34	29	1	40
P20711_1_480_3rbl_pdb_PLP_1.dlg	-7.49	25	-7.49	96	-8.39	25	-8.88	96	-8.88	96	-8.54	-8.88	96	2	40
P11217_13_837_3zcp.1.A_swissmodel_PLP_2.dlg	-8.95	96	-8.62	23	-9.8	96	-9.14	23	-10.03	7	-9.38	-10.03	7	3	37
P06737_2_847_3dd1_pdb_PLP_1.dlg	-9.63	35	-9.22	51	-10.6	35	-9.72	51	-10.63	65	-10.0	-10.63	65	3	42
O15382_28_392_2hgx_pdb_PLP_1.dlg	-10.31	65	-10.31	65	-11.24	65	-11.24	65	-11.24	65	-10.95	-11.24	65	1	82
Q96I15_29_444_3gzc.1.A_swissmodel_PLP_1.dlg	-8.17	7	-8.17	7	-8.98	7	-8.98	7	-9.49	89	-8.87	-9.49	89	1	72
P21549_1_392_4cbs_pdb_PLP_1.dlg	-8.6	77	-8.34	56	-9.42	77	-10.23	56	-10.23	56	-9.81	-10.23	56	2	36
P11216_22_840_5iko.1.A_swissmodel_PLP_1.dlg	-8.35	63	-8.35	63	-9.18	63	-9.18	63	-9.21	61	-9.0	-9.21	61	1	55
P21549_1_392_3r9a_pdb_PLP_2.dlg	-8.73	29	-8.73	29	-9.51	29	-9.51	29	-9.56	6	-9.25	-9.56	6	1	63
Q9HD40_1_501_4zdl_pdb_PLP_1.dlg	-10.25	14	-10.25	14	-11.71	14	-11.71	14	-11.72	98	-11.05	-11.72	98	1	68
O95470_62_568_4q6r_pdb_PLP_1.dlg	-10.75	74	-9.83	85	-11.77	74	-10.72	85	-10.72	85	-10.35	-11.84	11	2	53
Q4AC99_134_553_1m7y.1.A_swissmodel_PLP_1.dlg	-6.98	31	-6.98	31	-7.78	31	-7.78	31	-8.11	4	-7.43	-8.11	4	1	57
P34896_8_483_1eji.1.D_swissmodel_PLP_3.dlg	-6.55	12	-6.55	12	-7.32	12	-7.32	12	-7.78	6	-7.13	-7.78	6	1	59
P22557_194_547_1fc4.1.A_swissmodel_PLP_1.dlg	-10.34	30	-10.34	30	-11.03	30	-11.03	30	-11.04	14	-10.51	-11.04	14	1	53
Q99259_90_594_3vp6_pdb_PLP_1.dlg	-9.79	7	-9.79	7	-10.66	7	-10.66	7	-10.66	7	-10.22	-10.66	7	1	97
P04181_36_439_2byj.1.A_swissmodel_PLP_2.dlg	-7.87	93	-7.58	24	-8.8	93	-8.3	24	-8.36	46	-8.1	-9.21	94	3	32
Q8N5Z0_1_425_5efs_pdb_PLP_2.dlg	-11.14	74	-11.14	74	-12.2	74	-12.2	74	-12.35	42	-12.07	-12.35	42	1	64
Q9Y697_67_457_5kz5_pdb_PLP_4.dlg
P11926_2_421_4zgy_pdb_PLP_1.dlg	-8.23	83	-7.85	81	-8.92	83	-8.5	81	-8.98	55	-8.43	-9.08	98	2	20
Q96I15_8_445_3gzd_pdb_PLP_1.dlg	-7.82	87	-7.82	87	-8.66	87	-8.66	87	-8.74	81	-8.4	-9.11	91	1	52
Q16719_6_460_2hzp.1.A_swissmodel_PLP_1.dlg	-8.11	30	-6.18	16	-9.1	30	-6.8	16	-6.82	70	-6.67	-9.26	22	3	42
Q9GZT4_1_340_3l6r_pdb_PLP_2.dlg	-6.98	12	-6.95	71	-7.8	12	-7.63	71	-7.75	3	-7.53	-8.02	94	2	61
P34897_22_504_4pvf_pdb_PLP_1.dlg	-8.47	88	-8.47	88	-9.33	88	-9.33	88	-9.47	75	-9.09	-9.47	75	1	47
Q8N5Z0_1_425_3dc1_pdb_PLP_2.dlg	-8.79	53	-7.8	33	-9.67	53	-8.54	33	-8.59	71	-8.4	-9.99	68	3	28
O15382_28_392_1ekp_pdb_PLP_1.dlg	-9.91	63	-9.62	66	-10.58	63	-10.34	66	-10.62	60	-10.26	-10.94	51	3	47
P06737_1_847_1l5q_pdb_PLP_4.dlg	-9.76	82	-9.43	40	-10.6	82	-10.97	40	-11.04	94	-10.54	-11.04	94	3	47
Q8N5Z0_1_425_4ge4_pdb_PLP_1.dlg	-11.43	40	-11.43	40	-12.33	40	-12.33	40	-12.33	40	-11.91	-12.33	40	1	48
Q16773_3_421_4ge9.1.A_swissmodel_PLP_1.dlg	-8.01	76	-8.01	76	-8.87	76	-8.87	76	-9.04	65	-8.68	-9.04	65	1	67
P21549_1_392_3r9a_pdb_PLP_1.dlg	-8.86	12	-8.86	12	-9.67	12	-9.67	12	-9.69	33	-9.23	-9.69	33	1	69
P06737_1_847_1em6_pdb_PLP_1.dlg	-9.64	65	-9.45	40	-10.47	65	-11.08	40	-11.11	60	-10.5	-11.11	60	2	44
O15270_112_537_4bmk.1.A_swissmodel_PLP_1.dlg	-8.77	62	-8.77	62	-9.34	62	-9.34	62	-9.35	63	-9.18	-9.56	60	1	59
P20711_1_383_1js6.1.A_swissmodel_PLP_2.dlg	-7.72	44	-7.72	44	-8.58	44	-8.58	44	-8.71	54	-8.24	-8.71	54	1	62
Q9Y697_67_457_5kz5_pdb_PLP_7.dlg
P06737_1_847_1l5s_pdb_PLP_3.dlg	-9.4	33	-9.23	19	-10.15	33	-10.78	19	-10.83	24	-10.31	-10.83	24	3	56
O15382_28_392_2hdk_pdb_PLP_1.dlg	-10.05	73	-9.24	45	-10.67	73	-9.87	45	-9.97	55	-9.82	-10.94	67	3	46
Q9Y600_7_493_2jis.1.A_swissmodel_PLP_1.dlg	-8.49	8	-8.28	4	-9.07	8	-9.54	4	-9.54	4	-9.21	-9.54	4	2	72
Q9HD40_19_462_4zdl.1.A_swissmodel_PLP_3.dlg	-11.29	31	-11.29	31	-12.74	31	-12.74	31	-12.74	31	-12.12	-12.74	31	1	64
Q96GA7_11_328_2rkb.1.A_swissmodel_PLP_1.dlg	-8.8	32	-7.84	15	-9.62	32	-9.07	15	-9.11	49	-8.81	-9.62	32	5	24
P06737_1_847_1l7x_pdb_PLP_3.dlg	-9.62	38	-9.4	40	-10.27	38	-10.03	40	-10.64	86	-9.99	-10.64	86	3	52
P20132_4_322_1p5j.1.A_swissmodel_PLP_1.dlg	-9.28	95	-8.34	35	-10.08	95	-9.12	35	-9.79	73	-9.27	-10.32	57	5	38
P54687_21_386_2abj_pdb_PLP_1.dlg	-8.99	24	-8.91	67	-10.4	24	-9.59	67	-9.68	40	-9.37	-10.42	42	2	33
P06737_1_847_2zb2_pdb_PLP_2.dlg	-8.57	71	-8.3	94	-9.14	71	-8.89	94	-9.74	18	-9.07	-9.74	18	4	34
O15382_28_392_5i5u_pdb_PLP_1.dlg	-10.07	1	-10.07	1	-10.87	1	-10.87	1	-11.18	76	-10.72	-11.18	76	1	91
Q9Y697_67_457_5kz5_pdb_PLP_6.dlg
Q9Y697_67_457_5kz5_pdb_PLP_2.dlg
P24298_19_495_3tcm.1.A_swissmodel_PLP_2.dlg	-10.35	13	-9.35	59	-11.68	13	-10.76	59	-10.81	60	-10.44	-11.68	13	3	51
O15382_28_392_1kt8_pdb_PLP_1.dlg	-9.79	93	-9.79	93	-11.1	93	-11.1	93	-11.21	16	-10.53	-11.21	16	1	51
P17735_41_444_3dyd.1.A_swissmodel_PLP_2.dlg	-7.62	37	-7.19	86	-8.28	37	-7.91	86	-7.92	51	-7.55	-8.28	37	3	37
Q16773_1_422_1w7n_pdb_PLP_1.dlg	-11.94	50	-11.94	50	-12.75	50	-12.75	50	-13.01	13	-12.7	-13.01	13	1	73
P21549_1_392_4kyo_pdb_PLP_2.dlg	-8.42	52	-8.42	52	-9.2	52	-9.2	52	-9.21	48	-8.96	-9.4	23	1	43
P32929_1_402_3cog_pdb_PLP_4.dlg	-8.97	50	-8.97	50	-10.39	50	-10.39	50	-10.41	31	-10.06	-10.41	31	1	100
P22557_151_541_2bwp.1.A_swissmodel_PLP_2.dlg	-8.69	38	-8.69	38	-9.54	38	-9.54	38	-9.54	38	-9.36	-9.54	38	1	38
O15382_28_392_5bwv_pdb_PLP_1.dlg	-10.5	63	-10.0	29	-11.2	63	-11.49	29	-11.49	29	-11.2	-11.49	29	4	54
P06737_1_847_1l7x_pdb_PLP_2.dlg	-9.46	6	-9.21	7	-10.29	6	-9.74	7	-10.43	94	-9.87	-10.43	94	3	34
Q16773_1_422_4wp0_pdb_PLP_2.dlg	-8.92	91	-8.92	91	-9.69	91	-9.69	91	-9.69	91	-9.52	-9.71	59	1	35
Q9HD40_1_501_4zdl_pdb_PLP_2.dlg	-9.75	55	-9.75	55	-10.76	55	-10.76	55	-10.86	14	-10.53	-10.96	9	1	48
Q9HD40_19_462_4zdl.1.A_swissmodel_PLP_4.dlg	-10.97	95	-10.97	95	-12.37	95	-12.37	95	-12.37	95	-11.94	-12.37	95	1	60
P17174_2_413_3wzf_pdb_PLP_2.dlg	-9.83	91	-9.82	46	-11.31	91	-11.27	46	-11.27	46	-10.72	-11.31	91	2	55
Q9Y697_67_457_5kz5_pdb_PLP_1.dlg
P17735_51_442_4ge9.1.A_swissmodel_PLP_2.dlg	-8.53	13	-8.53	13	-9.43	13	-9.43	13	-9.48	70	-9.22	-9.48	70	1	25
Q8N5Z0_1_425_3dc1_pdb_PLP_1.dlg	-10.39	13	-10.39	13	-11.56	13	-11.56	13	-11.82	50	-11.07	-11.82	50	1	46
P21549_1_392_4kxk_pdb_PLP_1.dlg	-8.14	36	-8.14	36	-8.92	36	-8.92	36	-8.95	44	-8.64	-9.15	63	1	69
P17174_2_413_3wzf.1.A_swissmodel_PLP_2.dlg	-9.12	35	-9.1	38	-10.12	35	-10.55	38	-10.56	21	-10.18	-10.56	21	2	54
P20711_1_480_3rbf_pdb_PLP_1.dlg	-7.57	52	-7.57	52	-8.48	52	-8.48	52	-8.52	91	-8.31	-8.82	42	1	39
Q9Y697_56_457_5usr.1.A_swissmodel_PLP_1.dlg	-7.42	29	-6.93	52	-8.18	29	-7.69	52	-7.83	57	-7.5	-8.18	29	4	63
P04181_1_439_1oat_pdb_PLP_2.dlg	-8.19	58	-8.19	58	-9.07	58	-9.07	58	-9.13	68	-8.95	-9.13	68	1	38
P32929_10_399_3cog.1.A_swissmodel_PLP_1.dlg	-8.71	42	-8.71	42	-9.83	42	-9.83	42	-10.12	83	-9.65	-10.12	83	1	100
P17174_2_413_3wzf_pdb_PLP_1.dlg	-10.01	100	-9.81	42	-10.9	100	-10.58	42	-10.93	90	-10.51	-10.97	47	2	41
P21549_1_392_4cbr_pdb_PLP_1.dlg	-8.29	11	-8.23	98	-9.74	11	-9.25	98	-9.39	57	-9.17	-9.75	72	2	57
O95470_62_568_4q6r_pdb_PLP_2.dlg	-10.28	96	-10.28	96	-11.13	96	-11.13	96	-11.17	42	-10.95	-11.17	42	1	49
O15382_28_392_1ekv_pdb_PLP_1.dlg	-9.84	56	-9.84	56	-10.62	56	-10.62	56	-10.86	50	-10.47	-10.86	50	1	45
P24298_19_495_3tcm.1.A_swissmodel_PLP_1.dlg	-9.15	70	-9.15	70	-10.02	70	-10.02	70	-10.24	50	-9.8	-10.34	79	1	45
P06737_6_839_1fa9.1.A_swissmodel_PLP_2.dlg	-8.43	91	-8.29	13	-9.27	91	-9.19	13	-9.19	13	-9.0	-9.35	42	2	30
Q9Y697_67_457_5kz5_pdb_PLP_5.dlg
Q16773_1_422_4wlh_pdb_PLP_1.dlg	-8.76	91	-8.25	35	-9.5	91	-8.9	35	-9.32	40	-8.88	-9.68	24	2	77
P11926_7_427_1d7k_pdb_PLP_1.dlg	-7.48	60	-7.4	96	-8.2	60	-8.65	96	-8.69	11	-8.18	-8.69	11	2	56
Q16773_1_422_3fvx_pdb_PLP_2.dlg	-9.44	4	-7.93	76	-10.21	4	-8.59	76	-8.6	8	-8.52	-10.21	4	2	53
Q9HD40_1_501_4zdo_pdb_PLP_2.dlg	-10.08	83	-10.08	83	-11.42	83	-11.42	83	-11.43	58	-10.96	-11.43	58	1	49
O15270_177_540_2bwp.1.A_swissmodel_PLP_1.dlg	-7.88	53	-7.88	53	-8.68	53	-8.68	53	-8.71	90	-8.53	-8.71	90	1	94
Q16773_3_421_4ge9.1.A_swissmodel_PLP_2.dlg	-8.71	54	-8.14	35	-9.52	54	-9.04	35	-9.05	93	-8.96	-10.03	27	3	59
P06737_1_847_2zb2_pdb_PLP_1.dlg	-8.24	100	-8.06	52	-8.97	100	-8.95	52	-9.43	73	-8.85	-9.53	59	3	45
P06737_1_847_1l5s_pdb_PLP_4.dlg	-9.72	53	-9.36	84	-10.59	53	-10.97	84	-10.97	84	-10.24	-10.97	84	2	58
O15382_28_392_2hgx_pdb_PLP_2.dlg	-10.39	51	-9.66	44	-11.0	51	-10.45	44	-10.96	47	-10.36	-11.0	51	2	80
Q16773_1_422_1w7l_pdb_PLP_1.dlg	-8.36	40	-8.36	40	-9.02	40	-9.02	40	-9.75	99	-8.99	-9.75	99	1	95
O15382_28_392_5bwt_pdb_PLP_2.dlg	-10.13	56	-10.13	56	-10.89	56	-10.89	56	-11.24	32	-10.89	-11.24	32	1	85
P06737_2_847_2ati_pdb_PLP_2.dlg	-9.96	28	-9.5	1	-10.75	28	-10.33	1	-11.05	17	-10.59	-11.05	17	3	45
P80404_39_499_4y0d.1.A_swissmodel_PLP_2.dlg	-8.54	36	-8.54	36	-9.31	36	-9.31	36	-9.37	53	-9.27	-9.37	53	1	73
Q8N5Z0_1_425_2r2n_pdb_PLP_1.dlg	-11.84	67	-11.84	67	-12.59	67	-12.59	67	-13.01	32	-12.38	-13.01	32	1	77
P06737_2_847_3ddw_pdb_PLP_1.dlg	-9.61	15	-9.24	50	-10.4	15	-9.92	50	-10.75	57	-10.17	-10.75	57	3	53
P17174_2_413_3wzf.1.A_swissmodel_PLP_1.dlg	-9.12	19	-9.12	19	-9.85	19	-9.85	19	-10.55	73	-10.04	-10.55	73	1	31
Q4AC99_168_554_3ath.1.A_swissmodel_PLP_2.dlg	-6.94	13	-6.94	13	-8.24	13	-8.24	13	-8.26	33	-7.87	-8.26	33	1	79
P11216_1_843_5ikp_pdb_PLP_1.dlg	-10.75	32	-10.75	32	-7.46	32	-7.46	32	-7.74	70	-7.28	-7.84	62	1	68
O15270_112_537_4bmk.1.A_swissmodel_PLP_2.dlg	-9.77	59	-9.77	59	-10.4	59	-10.4	59	-10.46	52	-10.06	-10.66	32	1	35
P11926_7_427_1d7k_pdb_PLP_2.dlg	-8.21	86	-8.21	86	-9.52	86	-9.52	86	-9.52	86	-8.94	-9.52	86	1	69
P06737_1_847_1l5s_pdb_PLP_2.dlg	-9.83	7	-9.35	95	-10.65	7	-10.2	95	-10.81	80	-10.4	-10.81	80	3	64
P04181_38_439_1gbn_pdb_PLP_2.dlg	-8.23	45	-8.23	45	-9.17	45	-9.17	45	-9.34	58	-9.04	-9.34	58	1	24
P04181_1_439_2byj_pdb_PLP_1.dlg	-8.17	42	-7.57	50	-9.03	42	-8.48	50	-8.48	50	-8.15	-9.5	76	2	27
P32929_1_405_3elp_pdb_PLP_2.dlg	-7.85	100	-7.48	68	-9.03	100	-8.15	68	-8.22	87	-8.08	-9.03	100	3	39
O15382_28_392_5bww_pdb_PLP_1.dlg	-10.14	28	-9.95	40	-10.78	28	-10.78	40	-10.86	20	-10.52	-11.02	76	2	60
P17174_14_412_3ii0_pdb_PLP_1.dlg	-11.75	13	-11.43	64	-12.46	13	-12.25	64	-12.47	16	-12.14	-12.47	16	2	38
Q16773_1_422_1w7n_pdb_PLP_2.dlg	-11.28	96	-11.28	96	-12.19	96	-12.19	96	-12.58	37	-12.22	-12.58	37	1	68
Q9Y697_67_457_5kz5_pdb_PLP_3.dlg
O15382_28_392_1kta_pdb_PLP_2.dlg	-9.87	11	-9.76	61	-10.57	11	-11.15	61	-11.2	5	-10.99	-11.2	5	2	64
O75600_74_419_2x8u.1.A_swissmodel_PLP_2.dlg	-7.98	57	-7.98	57	-9.15	57	-9.15	57	-9.18	98	-8.96	-9.18	98	1	51
Q9HD40_1_501_4zdl_pdb_PLP_3.dlg	-10.23	12	-10.23	12	-11.71	12	-11.71	12	-11.71	12	-11.0	-11.71	12	1	62
Q16773_1_422_1w7l_pdb_PLP_2.dlg	-8.37	20	-8.37	20	-9.05	20	-9.05	20	-9.81	77	-8.99	-9.81	77	1	94
P54687_1_386_2coi_pdb_PLP_2.dlg	-9.75	33	-9.75	33	-10.3	33	-10.3	33	-10.44	80	-10.28	-10.44	80	1	34
O15382_28_392_2hg8_pdb_PLP_2.dlg	-10.45	86	-10.0	10	-11.04	86	-10.91	10	-11.21	72	-10.65	-11.21	72	2	65
P34897_43_504_4pvf.1.A_swissmodel_PLP_3.dlg	-7.7	46	-7.7	46	-8.51	46	-8.51	46	-8.9	91	-8.61	-8.9	91	1	69
P04181_1_439_1oat_pdb_PLP_1.dlg	-8.09	59	-7.75	93	-9.0	59	-8.58	93	-8.86	48	-8.41	-9.0	59	2	36
Q9HD40_1_501_3hl2_pdb_PLP_4.dlg	-11.2	24	-9.67	80	-12.06	24	-11.13	80	-11.13	80	-10.67	-12.06	24	6	39
O15382_28_392_5i5u_pdb_PLP_2.dlg	-10.33	5	-10.29	62	-10.95	5	-11.13	62	-11.18	71	-10.85	-11.18	71	2	62
P20132_1_328_4h27_pdb_PLP_1.dlg	-8.61	30	-7.89	80	-9.86	30	-8.62	80	-8.62	80	-8.29	-9.86	30	6	47
Q8N5Z0_1_425_4geb_pdb_PLP_1.dlg	-11.19	10	-11.19	10	-12.08	10	-12.08	10	-12.22	68	-11.53	-12.22	68	1	63
P21549_1_392_4cbr_pdb_PLP_2.dlg	-9.39	21	-9.19	78	-10.65	21	-10.0	78	-10.4	85	-9.97	-10.65	21	2	69
P04181_1_439_2byl_pdb_PLP_2.dlg	-8.47	25	-7.99	77	-9.5	25	-8.88	77	-9.29	31	-8.92	-9.5	25	2	55
P04181_1_439_2byl_pdb_PLP_1.dlg	-8.37	68	-7.58	50	-9.3	68	-8.51	50	-8.63	15	-8.38	-9.31	1	3	51
O15270_145_538_1fc4.1.A_swissmodel_PLP_2.dlg	-8.23	100	-7.87	36	-9.0	100	-8.57	36	-8.63	30	-8.41	-9.4	99	2	52
P21549_1_392_4kyo_pdb_PLP_1.dlg	-8.36	69	-7.91	1	-8.97	69	-8.77	1	-9.16	7	-8.59	-9.16	7	2	41
P21549_6_392_3r9a.1.A_swissmodel_PLP_2.dlg	-8.7	37	-8.7	37	-9.45	37	-9.45	37	-9.51	19	-9.23	-9.51	19	1	59
P54687_1_386_2cog_pdb_PLP_1.dlg	-8.88	46	-8.88	46	-10.15	46	-10.15	46	-10.15	46	-9.75	-10.15	46	1	92
P32929_1_405_3elp_pdb_PLP_4.dlg	-7.89	38	-7.55	23	-9.03	38	-8.26	23	-8.35	51	-8.04	-9.03	38	2	35
O15382_28_392_5bwu_pdb_PLP_1.dlg	-10.21	2	-9.87	24	-11.17	2	-10.64	24	-11.08	79	-10.71	-11.17	2	3	49
O15382_28_392_2a1h_pdb_PLP_1.dlg	-10.59	72	-9.78	44	-11.22	72	-10.51	44	-10.94	51	-10.39	-11.59	29	2	50
P20711_1_480_3rbf.1.B_swissmodel_PLP_2.dlg	-9.78	46	-8.31	50	-10.52	46	-9.11	50	-10.02	57	-9.5	-10.9	18	2	34
P11216_1_843_5iko_pdb_PLP_2.dlg	-8.67	58	-8.67	58	-9.52	58	-9.52	58	-10.11	74	-9.48	-10.11	74	1	61
O75600_24_417_2jg2.1.A_swissmodel_PLP_1.dlg	-7.75	14	-7.75	14	-8.42	14	-8.42	14	-8.8	98	-8.38	-8.8	98	1	51
Q9NUV7_105_529_4bmk.1.A_swissmodel_PLP_1.dlg	-10.16	12	-10.16	12	-10.76	12	-10.76	12	-10.92	63	-10.44	-11.73	10	1	61
Q96QU6_63_482_1ynu.1.A_swissmodel_PLP_1.dlg	-8.88	14	-8.88	14	-9.71	14	-9.71	14	-10.2	47	-9.49	-10.2	47	1	79
P22557_151_541_2bwp.1.A_swissmodel_PLP_1.dlg	-7.77	32	-6.87	18	-8.57	32	-7.47	18	-8.06	69	-7.59	-8.62	57	3	49
P21549_1_392_1j04_pdb_PLP_2.dlg	-8.65	93	-8.42	20	-9.53	93	-9.08	20	-9.66	13	-9.16	-9.68	21	3	59
P20711_1_480_3rch_pdb_PLP_2.dlg	-9.13	54	-8.11	30	-9.7	54	-9.36	30	-9.4	86	-9.1	-9.83	85	2	29
O95470_111_553_4q6r.1.A_swissmodel_PLP_2.dlg	-9.21	10	-8.7	15	-10.13	10	-9.55	15	-9.55	15	-9.27	-10.17	69	2	35
P11216_22_840_5iko.1.A_swissmodel_PLP_2.dlg	-8.09	77	-8.09	77	-8.9	77	-8.9	77	-9.05	10	-8.77	-9.37	38	1	40
P32929_1_402_3cog_pdb_PLP_2.dlg	-6.45	75	-6.15	51	-7.27	75	-6.9	51	-7.15	52	-6.86	-7.64	11	3	36
O15382_28_392_5hne_pdb_PLP_2.dlg	-9.73	60	-9.73	60	-10.56	60	-10.56	60	-10.9	80	-10.39	-10.9	80	1	86
Q9Y617_17_370_3e77_pdb_PLP_2.dlg	-9.07	68	-9.07	68	-9.79	68	-9.79	68	-10.29	53	-9.69	-10.34	22	1	79
P34897_43_504_4pvf.1.A_swissmodel_PLP_2.dlg	-6.82	30	-6.82	30	-7.57	30	-7.57	30	-8.13	83	-7.88	-8.13	83	1	68
Q8N5Z0_1_425_5eun_pdb_PLP_1.dlg	-9.91	83	-9.77	39	-10.75	83	-10.63	39	-10.63	39	-10.48	-11.01	99	2	68
Q9HD40_1_501_3hl2_pdb_PLP_3.dlg	-11.32	96	-10.55	42	-12.14	96	-11.39	42	-11.47	70	-11.17	-12.14	96	2	23
Q9HD40_1_501_3hl2_pdb_PLP_1.dlg	-11.42	36	-10.68	24	-12.2	36	-11.54	24	-11.59	35	-11.27	-12.23	11	2	33
O15382_28_392_5i5x_pdb_PLP_2.dlg	-10.37	77	-10.27	38	-11.07	77	-11.61	38	-11.61	38	-11.28	-11.61	38	2	46
P32929_1_402_3cog_pdb_PLP_3.dlg	-9.77	83	-9.77	83	-10.62	83	-10.62	83	-10.78	69	-10.27	-10.78	69	1	99
P11926_1_461_2on3_pdb_PLP_1.dlg	-8.04	66	-8.04	66	-9.4	66	-9.4	66	-9.42	81	-9.13	-9.42	81	1	44
P06737_1_847_1exv_pdb_PLP_1.dlg	-9.52	52	-9.24	84	-10.36	52	-10.8	84	-10.8	84	-10.21	-10.8	84	3	56
Q16773_1_422_4wp0_pdb_PLP_1.dlg	-9.84	43	-9.84	43	-10.54	43	-10.54	43	-10.84	30	-10.43	-10.93	18	1	46
O15382_28_392_2hdk_pdb_PLP_2.dlg	-10.1	54	-9.34	23	-10.72	54	-9.99	23	-10.04	59	-9.83	-11.01	3	4	34
Q9HD40_19_462_4zdl.1.A_swissmodel_PLP_2.dlg	-10.98	90	-10.98	90	-11.85	90	-11.85	90	-12.42	13	-11.88	-12.42	13	1	73
Q9HD40_1_501_4zdp_pdb_PLP_2.dlg	-10.74	45	-10.53	20	-11.53	45	-11.48	20	-12.0	84	-11.44	-12.0	84	2	49
Q16719_6_460_2hzp.1.A_swissmodel_PLP_2.dlg	-8.59	82	-5.68	85	-9.47	82	-6.38	85	-6.38	85	-6.27	-9.47	82	3	52
Q99259_93_594_2okj_pdb_PLP_1.dlg	-9.52	24	-9.52	24	-10.36	24	-10.36	24	-10.37	52	-10.13	-10.81	46	1	93
Q8N5Z0_1_425_4ge9_pdb_PLP_2.dlg	-10.07	98	-10.07	98	-10.94	98	-10.94	98	-11.24	39	-10.57	-11.24	39	1	45
Q9Y617_17_370_3e77.1.A_swissmodel_PLP_2.dlg	-9.18	39	-8.23	90	-9.92	39	-9.01	90	-9.56	66	-9.16	-9.92	39	2	63
O15382_28_392_5i5v_pdb_PLP_1.dlg	-10.6	66	-9.9	41	-11.24	66	-10.7	41	-10.79	78	-10.48	-11.24	66	2	65
Q9Y617_17_370_3e77_pdb_PLP_1.dlg	-8.37	30	-8.37	30	-9.18	30	-9.18	30	-9.64	81	-9.16	-9.64	81	1	42
P21549_1_388_2yob_pdb_PLP_1.dlg	-9.11	32	-9.11	32	-9.77	32	-9.77	32	-9.77	32	-9.39	-10.05	5	1	38
P11926_7_427_1d7k.1.A_swissmodel_PLP_1.dlg	-7.01	81	-6.59	88	-7.9	81	-7.87	88	-7.87	88	-7.56	-7.94	7	3	34
Q9HD40_1_501_4zdo_pdb_PLP_4.dlg	-10.07	50	-10.07	50	-11.43	50	-11.43	50	-11.44	4	-11.06	-11.44	4	1	57
O15382_28_392_1ekv_pdb_PLP_2.dlg	-10.24	51	-10.24	51	-11.6	51	-11.6	51	-11.63	55	-11.39	-11.63	55	1	72
P34897_43_504_4pvf.1.A_swissmodel_PLP_4.dlg	-7.52	58	-7.52	58	-8.3	58	-8.3	58	-8.7	42	-8.36	-8.7	42	1	78
P32929_1_402_2nmp_pdb_PLP_1.dlg	-8.93	83	-8.93	83	-10.41	83	-10.41	83	-10.41	83	-9.91	-10.41	83	1	100
P17735_41_444_3dyd_pdb_PLP_2.dlg	-8.1	40	-7.13	3	-9.32	40	-7.82	3	-7.85	98	-7.7	-9.32	40	4	29
Q05329_88_584_2okk.1.A_swissmodel_PLP_1.dlg	-9.4	69	-9.4	69	-10.23	69	-10.23	69	-10.31	71	-9.85	-10.31	71	1	83
Q9Y697_56_457_5usr.1.A_swissmodel_PLP_2.dlg	-9.14	54	-9.14	54	-9.74	54	-9.74	54	-9.87	60	-9.45	-9.87	60	1	76
P17174_14_412_3ii0_pdb_PLP_2.dlg	-11.72	26	-11.42	91	-12.36	26	-12.33	91	-12.33	91	-12.08	-12.39	14	2	35
P04181_1_439_2oat_pdb_PLP_2.dlg	-7.95	10	-7.95	10	-8.69	10	-8.69	10	-8.69	10	-8.42	-9.26	43	1	45
O15382_28_392_5bwx_pdb_PLP_2.dlg	-10.25	86	-10.12	72	-10.8	86	-10.94	72	-10.95	33	-10.65	-11.06	27	2	43
O15270_177_540_2bwp.1.A_swissmodel_PLP_2.dlg	-7.02	50	-6.67	21	-8.31	50	-7.55	21	-7.81	62	-7.39	-8.31	50	2	83
P34896_11_480_1bj4_pdb_PLP_1.dlg	-7.4	52	-7.4	52	-8.38	52	-8.38	52	-8.77	20	-8.22	-8.77	20	1	89
P23378_53_1006_4lgl.1.A_swissmodel_PLP_1.dlg	-6.67	82	-6.53	72	-7.57	82	-7.35	72	-7.77	74	-7.35	-7.77	74	2	82
P13196_240_598_3tqx.1.A_swissmodel_PLP_1.dlg	-8.37	52	-8.37	52	-9.2	52	-9.2	52	-9.49	62	-9.11	-9.49	62	1	79
P04181_38_439_1gbn_pdb_PLP_3.dlg	-8.17	84	-8.17	84	-9.08	84	-9.08	84	-9.32	94	-9.02	-9.32	94	1	23
P32929_1_402_3cog_pdb_PLP_1.dlg	-8.69	62	-8.69	62	-9.81	62	-9.81	62	-10.05	46	-9.65	-10.05	46	1	100
Q96QU6_55_475_1m7y.1.A_swissmodel_PLP_1.dlg	-8.48	54	-6.94	38	-9.36	54	-8.18	38	-8.19	30	-8.11	-9.36	54	6	22
Q8NHS2_5_399_3wzf.1.A_swissmodel_PLP_1.dlg	-7.94	31	-7.94	31	-8.77	31	-8.77	31	-9.4	36	-9.0	-9.4	36	1	58
Q8TD30_49_523_3ihj_pdb_PLP_2.dlg	-8.41	48	-8.41	48	-9.1	48	-9.1	48	-9.24	13	-8.91	-9.24	13	1	64
P11926_1_461_2oo0_pdb_PLP_2.dlg	-7.48	45	-7.22	27	-9.01	45	-8.06	27	-8.06	27	-7.87	-9.02	60	2	59
Q8IYQ7_1kl7.1.A_227_740_PLP_2.dlg	-8.21	38	-8.21	38	-9.56	38	-9.56	38	-9.56	38	-8.84	-9.56	38	1	34
Q16773_1_422_4wlj_pdb_PLP_2.dlg	-10.33	29	-10.33	29	-11.17	29	-11.17	29	-11.19	83	-11.05	-11.19	83	1	61
P04181_1_439_2oat_pdb_PLP_4.dlg	-7.96	94	-7.32	81	-9.32	94	-8.06	81	-8.63	100	-8.2	-9.36	56	6	30
P06737_24_832_3cem_pdb_PLP_1.dlg	-9.55	70	-9.38	48	-10.38	70	-10.96	48	-11.0	6	-10.18	-11.0	6	3	50
Q8N5Z0_1_425_5tf5_pdb_PLP_2.dlg	-9.81	99	-9.75	14	-10.73	99	-10.62	14	-10.62	14	-10.32	-10.75	91	2	41
P19113_2_477_4e1o.1.A_swissmodel_PLP_2.dlg	-8.36	99	-8.36	99	-9.1	99	-9.1	99	-9.35	31	-8.99	-9.62	12	1	30
Q8TBG4_7_438_4ysn.1.A_swissmodel_PLP_3.dlg	-9.7	98	-9.7	98	-11.05	98	-11.05	98	-11.09	22	-10.48	-11.09	22	1	83
O15382_28_392_5i60_pdb_PLP_2.dlg	-10.14	66	-10.14	66	-10.92	66	-10.92	66	-11.08	95	-10.71	-11.14	57	1	88
P00505_32_430_5ax8.2.B_swissmodel_PLP_1.dlg	-10.44	12	-10.43	11	-11.24	12	-11.27	11	-11.72	100	-11.4	-11.72	100	2	75
O15382_28_392_2hg8_pdb_PLP_1.dlg	-10.6	76	-10.04	13	-11.23	76	-10.68	13	-11.34	40	-10.89	-11.69	86	3	58
P54687_21_386_2abj.1.A_swissmodel_PLP_1.dlg	-7.97	7	-7.97	7	-8.75	7	-8.75	7	-8.78	57	-8.57	-9.13	68	1	53
Q6YP21_41_450_3e2y.1.A_swissmodel_PLP_1.dlg	-11.44	15	-11.44	15	-12.36	15	-12.36	15	-12.43	14	-12.08	-12.43	14	1	47
Q05329_88_584_2okk_pdb_PLP_1.dlg	-9.51	86	-9.51	86	-10.3	86	-10.3	86	-10.33	72	-10.07	-10.33	72	1	87
Q8N5Z0_1_425_4ge9_pdb_PLP_1.dlg	-10.92	35	-10.92	35	-11.75	35	-11.75	35	-12.05	81	-11.24	-12.05	81	1	56
O15382_28_392_5i5w_pdb_PLP_2.dlg	-10.29	10	-10.14	34	-10.84	10	-10.95	34	-11.21	71	-10.85	-11.21	71	2	76
Q8N5Z0_1_425_4ge4_pdb_PLP_2.dlg	-10.56	28	-10.56	28	-11.36	28	-11.36	28	-11.48	82	-11.02	-11.48	82	1	64
P34897_17_504_3ou5_pdb_PLP_2.dlg	-5.95	18	-5.95	18	-6.73	18	-6.73	18	-7.07	7	-6.7	-7.14	90	1	22
Q86YJ6_1_470_1kl7.1.A_swissmodel_PLP_1.dlg	-8.79	28	-8.79	28	-9.51	28	-9.51	28	-9.51	28	-9.28	-9.51	28	1	42
P00505_32_430_5ax8.2.B_swissmodel_PLP_2.dlg	-11.05	35	-10.99	88	-11.72	35	-12.18	88	-12.35	83	-11.65	-12.35	83	2	54
Q16773_1_422_3fvs_pdb_PLP_1.dlg	-9.13	17	-9.0	85	-9.82	17	-9.66	85	-9.66	85	-9.55	-9.94	71	2	66
O15382_28_392_5bwr_pdb_PLP_1.dlg	-10.07	42	-10.07	42	-10.88	42	-10.88	42	-11.01	29	-10.71	-11.01	29	1	77
P13196_199_595_2bwp.1.A_swissmodel_PLP_1.dlg	-7.05	92	-7.05	92	-7.78	92	-7.78	92	-8.21	18	-7.67	-8.21	18	1	49
Q8TBG4_7_438_4ysn.1.A_swissmodel_PLP_1.dlg	-9.81	67	-9.81	67	-10.73	67	-10.73	67	-10.75	77	-10.51	-10.75	77	1	27
P80404_39_499_4y0d.1.A_swissmodel_PLP_1.dlg	-8.54	19	-8.54	19	-9.3	19	-9.3	19	-9.35	26	-9.26	-9.41	76	1	63
Q9HD40_19_462_4zdl.1.A_swissmodel_PLP_1.dlg	-11.28	94	-11.28	94	-12.75	94	-12.75	94	-12.75	94	-12.0	-12.75	94	1	62
Q9Y697_67_457_5kz5_pdb_PLP_9.dlg
P34897_22_504_4pvf_pdb_PLP_2.dlg	-7.99	70	-7.99	70	-8.87	70	-8.87	70	-8.97	39	-8.7	-8.97	39	1	76
Q9BYV1_65_508_5g4i.1.A_swissmodel_PLP_2.dlg	-7.54	17	-7.34	64	-8.28	17	-8.16	64	-8.16	64	-7.75	-8.28	17	3	35
Q9Y697_67_457_5kz5_pdb_PLP_11.dlg
P11216_1_843_5iko_pdb_PLP_1.dlg	-9.22	63	-9.22	63	-10.03	63	-10.03	63	-10.05	20	-9.88	-10.05	20	1	75
P11217_13_837_3zcp.1.A_swissmodel_PLP_1.dlg	-8.98	45	-8.64	7	-9.86	45	-9.15	7	-10.04	24	-9.35	-10.17	95	5	54
Q99259_93_593_2okj.1.A_swissmodel_PLP_1.dlg	-9.32	98	-9.32	98	-10.21	98	-10.21	98	-10.21	98	-10.06	-10.21	98	1	88
P17735_41_444_3dyd_pdb_PLP_1.dlg	-8.73	88	-8.73	88	-9.5	88	-9.5	88	-9.53	21	-9.16	-9.53	21	1	71
O15382_28_392_1ekf_pdb_PLP_1.dlg	-10.34	68	-9.93	71	-11.06	68	-10.72	71	-10.91	95	-10.52	-11.2	2	3	65
O75600_41_418_3tqx.1.A_swissmodel_PLP_2.dlg	-8.44	74	-8.44	74	-9.27	74	-9.27	74	-9.68	60	-9.21	-9.68	60	1	44
P06737_24_832_3ceh_pdb_PLP_1.dlg	-9.18	84	-8.84	77	-10.01	84	-9.56	77	-9.9	4	-9.6	-10.03	12	3	29
P32929_10_399_3cog.1.A_swissmodel_PLP_3.dlg	-9.73	14	-9.73	14	-10.62	14	-10.62	14	-10.8	31	-10.33	-10.8	31	1	99
Q9Y617_17_370_3e77.1.A_swissmodel_PLP_1.dlg	-8.36	85	-8.36	85	-9.19	85	-9.19	85	-9.69	3	-9.43	-9.69	3	1	56
P20711_1_480_3rbl_pdb_PLP_2.dlg	-9.57	87	-9.57	87	-10.15	87	-10.15	87	-10.53	8	-10.06	-10.53	8	1	55
P04181_38_439_2can_pdb_PLP_2.dlg	-8.16	54	-8.16	54	-9.28	54	-9.28	54	-9.32	71	-9.14	-9.32	71	1	52
Q16773_1_422_4wlh_pdb_PLP_2.dlg	-8.85	86	-7.62	78	-9.61	86	-8.3	78	-8.3	78	-8.19	-9.72	43	3	37
P04181_1_439_2oat_pdb_PLP_1.dlg	-7.95	15	-7.59	84	-9.38	15	-8.32	84	-8.57	7	-8.35	-9.38	15	3	26
P06737_2_847_1xoi_pdb_PLP_2.dlg	-9.52	89	-9.52	89	-10.33	89	-10.33	89	-10.88	91	-10.28	-10.88	91	1	59
P00505_30_430_5ax8_pdb_PLP_2.dlg	-11.8	50	-11.13	48	-12.69	50	-12.01	48	-12.41	45	-11.94	-13.19	96	3	38
P06737_2_847_1fc0_pdb_PLP_1.dlg	-9.72	82	-9.72	82	-8.17	82	-8.17	82	-8.77	20	-8.35	-9.78	70	1	43
P06737_1_847_1l5r_pdb_PLP_4.dlg	-9.45	1	-9.28	40	-10.16	1	-9.76	40	-10.79	48	-10.48	-10.79	48	3	65
P34897_22_504_4pvf_pdb_PLP_3.dlg	-8.43	39	-8.43	39	-9.19	39	-9.19	39	-9.49	4	-9.01	-9.49	4	1	79
O75600_41_418_3tqx.1.A_swissmodel_PLP_1.dlg	-8.77	95	-8.47	10	-10.15	95	-9.3	10	-9.46	75	-9.17	-10.15	95	2	85
Q6ZQY3_35_520_5hsj.1.A_swissmodel_PLP_2.dlg	-7.83	19	-6.71	16	-8.76	19	-7.63	16	-7.8	88	-7.5	-8.76	19	11	26
O15382_28_392_5i5w_pdb_PLP_1.dlg	-10.13	59	-9.85	56	-11.6	59	-10.56	56	-10.58	7	-10.34	-11.6	59	2	57
O15382_28_392_5i5s_pdb_PLP_2.dlg	-10.17	47	-10.17	47	-11.01	47	-11.01	47	-11.19	3	-10.86	-11.19	3	1	77
P23378_53_1006_4lgl.1.A_swissmodel_PLP_2.dlg	-6.15	80	-5.67	77	-6.93	80	-6.31	77	-6.71	10	-6.38	-7.18	41	5	35
Q9Y697_67_457_5kz5_pdb_PLP_10.dlg
Q9HD40_1_501_3hl2_pdb_PLP_2.dlg	-11.09	99	-9.73	61	-11.87	99	-10.58	61	-11.14	42	-10.58	-12.04	73	5	55
Q8N5Z0_1_425_2xh1_pdb_PLP_2.dlg	-10.41	1	-10.41	1	-11.35	1	-11.35	1	-11.46	91	-10.85	-11.46	91	1	61
O75600_74_419_2x8u.1.A_swissmodel_PLP_1.dlg	-8.04	11	-8.04	11	-9.2	11	-9.2	11	-9.22	51	-8.96	-9.22	51	1	53
P21549_1_392_4cbs_pdb_PLP_2.dlg	-9.37	64	-8.37	25	-10.16	64	-9.92	25	-9.93	59	-9.44	-10.16	64	2	48
O15382_28_392_5i5t_pdb_PLP_1.dlg	-9.88	80	-9.88	80	-10.6	80	-10.6	80	-10.7	30	-10.47	-10.81	25	1	54
Q6ZQY3_35_521_2jis.1.A_swissmodel_PLP_1.dlg	-8.1	36	-8.1	36	-8.97	36	-8.97	36	-9.49	2	-9.02	-9.49	2	1	74
P06737_2_847_3dds_pdb_PLP_1.dlg	-9.41	26	-9.09	66	-10.26	26	-9.97	66	-10.54	35	-10.14	-10.69	80	3	44
O15382_28_392_5i5t_pdb_PLP_2.dlg	-10.37	30	-9.93	72	-10.95	30	-10.79	72	-10.98	32	-10.61	-11.19	69	2	72
O15382_28_392_5cr5_pdb_PLP_1.dlg	-10.76	33	-9.74	31	-11.33	33	-10.51	31	-10.94	83	-10.35	-11.36	55	4	37
Q8NHS2_5_399_3wzf.1.A_swissmodel_PLP_2.dlg	-7.77	13	-7.61	91	-8.62	13	-8.44	91	-8.9	87	-8.63	-8.98	2	2	31
P0DN79_43_545_4pcu.1.A_swissmodel_PLP_1.dlg	-8.41	4	-8.41	4	-9.22	4	-9.22	4	-9.58	2	-8.89	-9.58	2	1	63
P32929_1_402_2nmp_pdb_PLP_2.dlg	-7.05	66	-6.46	33	-7.85	66	-7.31	33	-7.59	67	-7.1	-7.85	66	2	42
Q8N5Z0_1_425_5efs_pdb_PLP_1.dlg	-11.13	75	-11.13	75	-12.07	75	-12.07	75	-12.38	81	-12.07	-12.38	81	1	50
O15382_28_392_1ekf_pdb_PLP_2.dlg	-10.49	3	-9.71	75	-11.08	3	-10.98	75	-10.98	75	-10.57	-11.23	17	3	58
Q9BYV1_52_496_5g4i.1.A_swissmodel_PLP_2.dlg	-7.46	13	-6.21	72	-8.22	13	-7.57	72	-7.59	17	-7.19	-8.35	86	7	47
Q8IUZ5_10_438_5g4i.1.A_swissmodel_PLP_2.dlg	-9.68	55	-8.75	44	-10.71	55	-9.58	44	-9.58	44	-9.49	-11.01	80	3	27
Q8TBG4_7_438_4ysn.1.A_swissmodel_PLP_4.dlg	-9.72	65	-9.72	65	-11.24	65	-11.24	65	-11.3	19	-10.96	-11.3	19	1	76
P13196_240_598_3tqx.1.A_swissmodel_PLP_2.dlg	-8.75	41	-8.75	41	-10.26	41	-10.26	41	-10.26	41	-9.94	-10.26	41	1	81
Q8N5Z0_1_425_4geb_pdb_PLP_2.dlg	-11.31	70	-11.31	70	-12.18	70	-12.18	70	-12.52	61	-11.81	-12.52	61	1	58
Q16773_1_422_3fvx_pdb_PLP_1.dlg	-9.35	21	-8.59	93	-10.11	21	-9.26	93	-9.26	93	-9.11	-10.15	97	2	60
P34897_17_504_3ou5_pdb_PLP_1.dlg	-5.96	27	-5.96	27	-6.77	27	-6.77	27	-6.97	90	-6.65	-7.16	31	1	27
O15382_28_392_5bwv_pdb_PLP_2.dlg	-10.3	27	-9.89	91	-10.86	27	-10.64	91	-10.75	59	-10.44	-11.02	34	2	31
P21549_1_392_4i8a_pdb_PLP_2.dlg	-7.79	51	-7.79	51	-8.67	51	-8.67	51	-8.91	74	-8.52	-8.91	74	1	31
P04181_38_439_2can_pdb_PLP_1.dlg	-8.21	60	-8.21	60	-9.09	60	-9.09	60	-9.4	22	-9.13	-9.4	22	1	74
P06737_1_847_1l7x_pdb_PLP_4.dlg	-9.54	4	-9.11	44	-10.41	4	-9.86	44	-10.15	97	-9.91	-10.48	59	4	35
Q16773_1_422_3fvu_pdb_PLP_1.dlg	-9.52	15	-9.52	15	-10.14	15	-10.14	15	-10.34	74	-9.54	-10.34	74	1	36
P04181_38_439_1gbn_pdb_PLP_1.dlg	-7.95	64	-7.95	64	-8.89	64	-8.89	64	-9.18	1	-8.89	-9.18	1	1	37
Q9HD40_1_501_4zdp_pdb_PLP_4.dlg	-10.74	6	-10.49	51	-11.57	6	-11.34	51	-12.01	93	-11.52	-12.01	93	2	50
Q16773_1_422_3fvs_pdb_PLP_2.dlg	-8.88	56	-8.33	42	-9.65	56	-8.98	42	-9.01	68	-8.94	-9.65	56	2	69
Q9GZT4_1_340_3l6b_pdb_PLP_2.dlg	-9.73	96	-9.41	4	-10.37	96	-10.93	4	-10.96	18	-10.49	-10.96	18	3	54
Q9BYV1_65_508_5g4i.1.A_swissmodel_PLP_1.dlg	-7.5	91	-5.94	19	-8.2	91	-6.79	19	-7.07	9	-6.58	-8.2	91	6	36
O15382_28_392_2a1h_pdb_PLP_2.dlg	-10.58	12	-9.78	4	-11.22	12	-11.02	4	-11.03	55	-10.5	-11.57	67	3	30
P54687_21_386_2abj.1.A_swissmodel_PLP_2.dlg	-8.03	69	-7.93	98	-8.9	69	-8.66	98	-8.66	98	-8.54	-8.9	69	2	41
P19113_2_477_4e1o.1.A_swissmodel_PLP_1.dlg	-8.33	98	-8.33	98	-9.08	98	-9.08	98	-9.4	25	-9.04	-9.63	28	1	28
Q9HD40_1_501_4zdp_pdb_PLP_1.dlg	-9.87	73	-9.59	90	-10.63	73	-11.06	90	-11.06	90	-10.57	-11.06	90	2	89
Q9HD40_1_501_4zdo_pdb_PLP_1.dlg	-9.87	13	-8.71	12	-10.62	13	-10.04	12	-10.15	75	-9.93	-10.62	13	4	45
P11216_22_840_5iko.1.A_swissmodel_PLP_3.dlg	-8.42	36	-8.42	36	-9.26	36	-9.26	36	-9.74	78	-9.38	-9.74	78	1	51
Q8N5Z0_1_425_2xh1_pdb_PLP_1.dlg	-10.0	88	-10.0	88	-10.88	88	-10.88	88	-11.0	4	-10.52	-11.0	4	1	76
P06737_1_847_1l5q_pdb_PLP_3.dlg	-9.75	27	-9.53	82	-10.77	27	-11.13	82	-11.13	82	-10.4	-11.13	82	3	44
O15382_28_392_5bwt_pdb_PLP_1.dlg	-10.01	90	-10.01	90	-10.75	90	-10.75	90	-10.78	2	-10.63	-10.92	69	1	54
P21549_1_388_2yob_pdb_PLP_2.dlg	-8.49	3	-8.49	3	-9.47	3	-9.47	3	-9.5	52	-9.0	-9.82	25	1	29
P11216_1_843_5iko_pdb_PLP_4.dlg	-9.11	60	-9.11	60	-9.97	60	-9.97	60	-10.33	34	-9.94	-10.33	34	1	76
P21549_1_392_4i8a_pdb_PLP_1.dlg	-7.37	3	-7.04	86	-8.14	3	-7.97	86	-8.05	33	-7.7	-8.79	12	5	29
O94903_12_248_1ct5.1.A_swissmodel_PLP_1.dlg	-7.12	78	-7.12	78	-7.98	78	-7.98	78	-8.29	67	-7.76	-8.29	67	1	58
Q96EN8_35_495_5j8q.1.A_swissmodel_PLP_2.dlg	-7.49	58	-7.49	58	-8.31	58	-8.31	58	-8.39	8	-8.08	-8.45	71	1	52
P21549_1_392_4kxk_pdb_PLP_2.dlg	-8.4	39	-8.4	39	-9.19	39	-9.19	39	-9.22	15	-8.88	-9.22	15	1	68
Q05329_88_584_2okk.1.A_swissmodel_PLP_2.dlg	-9.45	90	-9.45	90	-10.27	90	-10.27	90	-10.29	96	-9.94	-10.29	96	1	85
P17735_41_444_3dyd.1.A_swissmodel_PLP_1.dlg	-9.25	40	-9.25	40	-10.03	40	-10.03	40	-10.03	40	-9.67	-10.03	40	1	52
Q16773_1_422_4wlj_pdb_PLP_1.dlg	-10.1	97	-10.1	97	-10.93	97	-10.93	97	-10.97	96	-10.77	-10.97	96	1	88
Q8N5Z0_2_425_2vgz_pdb_PLP_2.dlg	-10.85	70	-10.85	70	-11.78	70	-11.78	70	-12.12	89	-11.47	-12.12	89	1	77
P11216_1_843_5iko_pdb_PLP_3.dlg	-9.56	59	-9.56	59	-10.49	59	-10.49	59	-10.59	94	-10.35	-10.59	94	1	91
Q9NUV7_105_529_4bmk.1.A_swissmodel_PLP_2.dlg	-10.06	74	-10.01	19	-11.62	74	-10.62	19	-10.89	96	-10.38	-11.62	74	2	33
Q8N5Z0_1_425_5tf5_pdb_PLP_1.dlg	-10.19	78	-10.19	78	-11.06	78	-11.06	78	-11.09	26	-10.96	-11.09	26	1	60
P13196_199_595_2bwp.1.A_swissmodel_PLP_2.dlg	-7.95	58	-6.5	27	-8.77	58	-7.29	27	-7.79	10	-7.31	-8.78	74	6	29
O15270_145_538_1fc4.1.A_swissmodel_PLP_1.dlg	-8.82	84	-8.82	84	-9.84	84	-9.84	84	-10.05	32	-9.68	-10.05	32	1	55
Q96QU6_63_482_1ynu.1.A_swissmodel_PLP_2.dlg	-8.88	10	-8.88	10	-9.7	10	-9.7	10	-10.08	53	-9.47	-10.08	53	1	77
P00505_30_430_5ax8_pdb_PLP_1.dlg	-9.58	41	-9.42	98	-10.22	41	-10.06	98	-10.12	79	-9.81	-10.65	44	3	34
P06737_1_847_1l5q_pdb_PLP_2.dlg	-9.75	37	-9.56	8	-10.48	37	-10.17	8	-11.01	65	-10.47	-11.01	65	3	53
O15382_28_392_2hgw_pdb_PLP_1.dlg	-10.44	12	-10.17	34	-11.1	12	-11.04	34	-11.06	19	-10.74	-11.1	12	2	74
O15382_28_392_5i5x_pdb_PLP_1.dlg	-10.2	7	-9.77	16	-10.91	7	-11.08	16	-11.16	91	-10.99	-11.16	91	2	53
Q8N5Z0_1_425_4gdy_pdb_PLP_1.dlg	-10.61	94	-10.61	94	-11.5	94	-11.5	94	-11.58	89	-11.11	-11.58	89	1	69
P34896_8_483_1eji.1.D_swissmodel_PLP_1.dlg	-7.98	56	-7.23	66	-8.83	56	-8.65	66	-8.68	19	-7.94	-9.12	6	2	52
P54687_21_386_2abj_pdb_PLP_2.dlg	-8.85	44	-8.3	31	-9.46	44	-8.92	31	-9.03	45	-8.84	-10.07	9	3	48
P20711_1_383_1js6.1.A_swissmodel_PLP_1.dlg	-8.19	56	-8.19	56	-8.85	56	-8.85	56	-8.92	65	-8.7	-8.92	65	1	51
P32929_10_399_3cog.1.A_swissmodel_PLP_2.dlg	-6.45	23	-6.06	4	-7.33	23	-7.43	4	-7.45	56	-7.16	-7.65	1	5	32
Q9BYV1_52_496_5g4i.1.A_swissmodel_PLP_1.dlg	-7.52	42	-6.39	4	-8.46	42	-7.25	4	-7.25	4	-7.03	-8.48	31	8	33
O15382_28_392_1kt8_pdb_PLP_2.dlg	-9.96	30	-9.7	84	-10.67	30	-11.15	84	-11.22	1	-11.0	-11.22	1	2	50
Q99259_93_593_2okj.1.A_swissmodel_PLP_2.dlg	-8.88	78	-8.88	78	-9.72	78	-9.72	78	-9.76	5	-9.59	-9.76	5	1	80
P54687_1_386_2cog_pdb_PLP_2.dlg	-9.35	99	-8.67	58	-9.91	99	-9.39	58	-9.87	37	-9.33	-10.04	81	4	50
P06737_1_847_1em6_pdb_PLP_2.dlg	-9.73	60	-9.5	43	-10.69	60	-11.1	43	-11.13	4	-10.5	-11.13	4	3	55
P34897_22_504_4pvf_pdb_PLP_4.dlg	-8.4	43	-8.4	43	-9.14	43	-9.14	43	-9.42	41	-9.06	-9.42	41	1	70
Q9Y697_67_457_5kz5_pdb_PLP_8.dlg
P06737_24_832_3cej_pdb_PLP_1.dlg	-8.8	97	-8.8	97	-9.78	97	-9.78	97	-10.05	75	-9.41	-10.05	75	1	50
P32929_1_405_3elp_pdb_PLP_3.dlg	-8.11	47	-8.11	47	-8.96	47	-8.96	47	-9.25	49	-8.71	-9.25	49	1	19
P11216_22_840_5iko.1.A_swissmodel_PLP_4.dlg	-8.65	29	-8.65	29	-9.67	29	-9.67	29	-9.98	40	-9.6	-9.98	40	1	85
P20132_1_328_1p5j_pdb_PLP_1.dlg	-9.6	7	-9.6	7	-10.4	7	-10.4	7	-10.41	10	-10.19	-10.41	10	1	29
P54687_1_386_2coj_pdb_PLP_2.dlg	-9.81	17	-9.81	17	-10.51	17	-10.51	17	-10.52	90	-10.34	-10.52	90	1	42
P20711_1_480_3rch_pdb_PLP_1.dlg	-6.82	77	-6.52	41	-7.53	77	-7.34	41	-7.37	1	-7.11	-8.28	3	3	61
Q96GA7_11_328_2rkb_pdb_PLP_2.dlg	-9.6	63	-9.6	63	-10.39	63	-10.39	63	-10.4	3	-10.14	-10.4	3	1	56
Q6ZQY3_35_521_2jis.1.A_swissmodel_PLP_2.dlg	-8.62	20	-8.62	20	-9.41	20	-9.41	20	-9.62	45	-9.17	-9.7	97	1	75
O14977_10_432_4zgz.1.A_swissmodel_PLP_1.dlg	-4.69	41	-4.57	58	-5.47	41	-5.84	58	-5.88	35	-5.69	-6.07	68	4	35
Q9Y600_7_493_2jis.1.A_swissmodel_PLP_2.dlg	-8.6	46	-8.6	46	-10.09	46	-10.09	46	-10.09	46	-9.88	-10.09	46	1	87
Q8N5Z0_1_425_2r2n_pdb_PLP_2.dlg	-10.6	68	-10.6	68	-11.51	68	-11.51	68	-11.75	54	-11.14	-11.75	54	1	64
P06737_1_847_1l5r_pdb_PLP_3.dlg	-9.53	22	-9.46	15	-10.38	22	-11.0	15	-11.04	93	-10.43	-11.04	93	3	63
Q16773_1_422_3fvu_pdb_PLP_2.dlg	-9.46	51	-9.13	17	-10.11	51	-9.82	17	-9.82	17	-9.6	-10.2	87	3	42
P34896_8_483_1eji.1.D_swissmodel_PLP_2.dlg	-7.74	63	-7.74	63	-8.65	63	-8.65	63	-8.77	54	-8.41	-8.77	54	1	58
P13196_189_573_3hqt.1.A_swissmodel_PLP_1.dlg	-9.33	54	-9.33	54	-10.65	54	-10.65	54	-10.67	71	-10.19	-10.67	71	1	85
P22557_194_547_1fc4.1.A_swissmodel_PLP_2.dlg	-10.1	14	-9.26	52	-10.62	14	-10.02	52	-10.15	38	-9.74	-10.79	29	2	55
Q8N5Z0_1_425_4gdy_pdb_PLP_2.dlg	-10.08	4	-10.08	4	-11.02	4	-11.02	4	-11.17	47	-10.67	-11.17	47	1	85
P32929_1_402_2nmp_pdb_PLP_3.dlg	-9.1	65	-9.1	65	-10.51	65	-10.51	65	-10.51	65	-10.09	-10.51	65	1	94
P06737_1_847_1l5r_pdb_PLP_2.dlg	-9.35	53	-9.28	7	-10.24	53	-9.84	7	-10.72	2	-10.26	-10.72	2	3	42
P06737_6_839_1fa9.1.A_swissmodel_PLP_1.dlg	-8.9	14	-8.9	14	-9.72	14	-9.72	14	-9.72	14	-9.44	-9.72	14	1	41
O15382_28_392_5i5y_pdb_PLP_1.dlg	-10.17	58	-9.44	2	-10.73	58	-10.14	2	-10.34	69	-10.1	-11.16	91	3	38
P06737_24_832_3cem_pdb_PLP_2.dlg	-9.38	62	-9.11	23	-10.24	62	-9.79	23	-10.52	98	-9.96	-10.52	98	3	51
P54687_1_386_2coj_pdb_PLP_1.dlg	-9.13	27	-9.13	27	-10.3	27	-10.3	27	-10.31	32	-10.0	-10.31	32	1	39
Q8TBG4_7_438_4ysn.1.A_swissmodel_PLP_2.dlg	-9.86	15	-9.86	15	-10.51	15	-10.51	15	-10.72	97	-10.49	-10.82	30	1	63
P04181_1_439_2byj_pdb_PLP_2.dlg	-8.13	99	-7.68	24	-9.04	99	-8.58	24	-8.66	50	-8.23	-9.27	13	2	27
Q16773_4_422_4wp0.1.A_swissmodel_PLP_1.dlg	-9.48	77	-9.48	77	-10.28	77	-10.28	77	-10.65	63	-10.13	-10.65	63	1	58
Q8IYQ7_1kl7.1.A_227_740_PLP_1.dlg	-8.09	61	-7.94	45	-8.81	61	-9.22	45	-9.25	58	-9.09	-9.25	58	2	30
Q9Y600_1_493_2jis_pdb_PLP_2.dlg	-8.69	42	-8.69	42	-10.13	42	-10.13	42	-10.14	100	-9.9	-10.14	100	1	92
P13196_189_573_3hqt.1.A_swissmodel_PLP_2.dlg	-9.11	82	-9.11	82	-9.78	82	-9.78	82	-10.24	11	-9.88	-10.24	11	1	61
P21549_1_392_1h0c_pdb_PLP_2.dlg	-8.37	65	-8.37	65	-9.2	65	-9.2	65	-9.51	38	-9.05	-9.51	38	1	69
Q96I15_8_445_3gzc_pdb_PLP_1.dlg	-8.34	37	-8.34	37	-9.79	37	-9.79	37	-9.79	37	-9.06	-9.79	37	1	76
P06737_24_832_3cej_pdb_PLP_2.dlg	-10.39	99	-10.12	79	-11.22	99	-10.85	79	-11.05	82	-10.67	-11.46	17	2	67
P34897_43_504_4pvf.1.A_swissmodel_PLP_1.dlg	-7.14	68	-7.14	68	-8.04	68	-8.04	68	-8.48	75	-8.14	-8.48	75	1	45
Q6YP21_41_450_3e2y.1.A_swissmodel_PLP_2.dlg	-11.24	36	-11.24	36	-12.06	36	-12.06	36	-12.08	72	-11.95	-12.08	72	1	51
O15382_28_392_5i60_pdb_PLP_1.dlg	-10.41	87	-10.04	29	-10.98	87	-10.78	29	-10.98	41	-10.69	-11.35	44	3	64
O15382_28_392_1kta_pdb_PLP_1.dlg	-9.64	74	-9.64	74	-11.0	74	-11.0	74	-11.09	99	-10.29	-11.09	99	1	40
Q9NUV7_155_530_2x8u.1.A_swissmodel_PLP_1.dlg	-8.3	2	-7.38	30	-9.14	2	-8.13	30	-8.16	52	-8.03	-9.14	2	6	25
Q9GZT4_1_340_3l6r_pdb_PLP_1.dlg	-6.96	39	-6.96	39	-7.71	39	-7.71	39	-7.77	20	-7.56	-8.02	57	1	54
Q05329_168_585_4obv.1.A_swissmodel_PLP_1.dlg	-8.61	16	-8.61	16	-9.25	16	-9.25	16	-9.77	72	-9.36	-9.77	72	1	91
O15382_28_392_5bwx_pdb_PLP_1.dlg	-9.96	1	-9.96	1	-10.68	1	-10.68	1	-10.71	81	-10.55	-10.85	86	1	42
P06737_1_847_1l7x_pdb_PLP_1.dlg	-9.67	6	-9.35	63	-10.41	6	-9.96	63	-10.58	23	-9.93	-10.58	23	3	48
Q9HD40_1_501_4zdp_pdb_PLP_3.dlg	-9.67	27	-9.63	16	-10.41	27	-11.09	16	-11.09	16	-10.67	-11.09	16	2	76
O75600_24_417_2jg2.1.A_swissmodel_PLP_2.dlg	-7.66	68	-7.66	68	-8.4	68	-8.4	68	-8.6	83	-8.23	-8.6	83	1	28
P21549_1_392_1h0c_pdb_PLP_1.dlg	-8.36	8	-8.36	8	-9.18	8	-9.18	8	-9.48	97	-9.02	-9.48	97	1	69
Q9GZT4_3_329_3l6r.1.A_swissmodel_PLP_2.dlg	-9.43	94	-8.91	65	-10.28	94	-10.47	65	-10.47	65	-9.88	-10.57	59	4	42
P0DN79_43_545_4pcu.1.A_swissmodel_PLP_2.dlg	-7.56	83	-7.56	83	-8.28	83	-8.28	83	-8.48	56	-8.19	-8.48	56	1	81
P06737_24_832_3ceh_pdb_PLP_2.dlg	-9.05	40	-9.05	40	-9.61	40	-9.61	40	-10.21	95	-9.7	-10.27	57	1	43
P20711_1_480_3rbf.1.B_swissmodel_PLP_1.dlg	-7.45	15	-7.45	15	-8.31	15	-8.31	15	-8.33	37	-8.13	-8.72	36	1	26
Q96I15_29_444_3gzc.1.A_swissmodel_PLP_2.dlg	-7.35	6	-7.35	6	-8.17	6	-8.17	6	-8.17	6	-7.97	-8.17	6	1	26
P06737_1_847_1l5r_pdb_PLP_1.dlg	-9.61	37	-9.29	100	-10.33	37	-9.88	100	-10.79	29	-10.39	-10.79	29	3	55
O15382_28_392_5bww_pdb_PLP_2.dlg	-10.4	67	-10.14	19	-10.99	67	-10.94	19	-11.23	52	-10.68	-11.3	66	3	64
P11926_1_461_2on3_pdb_PLP_2.dlg	-6.95	96	-6.72	87	-8.3	96	-8.19	87	-8.21	32	-8.04	-8.43	98	4	53
Q9NUV7_155_530_2x8u.1.A_swissmodel_PLP_2.dlg	-8.3	16	-8.3	16	-9.19	16	-9.19	16	-9.19	16	-8.73	-9.19	16	1	29
O14977_2_437_4zgz_pdb_PLP_1.dlg	-6.41	94	-6.41	94	-7.24	94	-7.24	94	-7.24	94	-7.02	-7.24	94	1	50
Q8N5Z0_2_425_2vgz_pdb_PLP_1.dlg	-10.26	63	-10.26	63	-11.17	63	-11.17	63	-11.25	95	-10.48	-11.25	95	1	40
Q96GA7_11_328_2rkb.1.A_swissmodel_PLP_2.dlg	-8.92	34	-7.59	39	-9.8	34	-8.46	39	-8.73	56	-8.26	-9.9	37	8	21
O95470_111_553_4q6r.1.A_swissmodel_PLP_1.dlg	-9.6	12	-8.95	76	-10.59	12	-9.68	76	-9.7	65	-9.53	-10.6	18	2	58
O15382_28_392_5i5s_pdb_PLP_1.dlg	-10.06	91	-10.06	91	-10.82	91	-10.82	91	-11.15	61	-10.76	-11.15	61	1	49
O15382_28_392_5bwr_pdb_PLP_2.dlg	-9.94	100	-9.56	36	-10.52	100	-10.27	36	-10.3	32	-10.17	-10.78	19	3	54
P04181_1_439_2oat_pdb_PLP_3.dlg	-7.1	50	-7.1	50	-7.85	50	-7.85	50	-7.99	81	-7.72	-7.99	81	1	48
Q9HD40_1_501_4zdl_pdb_PLP_4.dlg	-9.77	20	-9.6	6	-10.77	20	-10.91	6	-10.91	6	-10.55	-10.91	6	2	47
P06737_1_847_1exv_pdb_PLP_2.dlg	-9.52	2	-9.31	28	-10.44	2	-10.86	28	-10.86	28	-10.3	-10.86	28	2	50
O15382_28_392_5cr5_pdb_PLP_2.dlg	-10.33	69	-9.47	31	-10.9	69	-10.33	31	-10.54	98	-10.12	-11.01	70	3	48
P11926_1_461_2oo0_pdb_PLP_1.dlg	-8.32	5	-8.15	31	-9.16	5	-8.92	31	-8.93	66	-8.82	-9.91	74	2	64
Q96GA7_11_328_2rkb_pdb_PLP_1.dlg	-9.6	84	-9.6	84	-10.45	84	-10.45	84	-10.45	84	-10.1	-10.45	84	1	57
P34896_8_483_1eji.1.D_swissmodel_PLP_4.dlg	-6.26	82	-6.26	82	-7.07	82	-7.07	82	-7.07	82	-6.95	-7.48	64	1	21
P32929_10_399_3cog.1.A_swissmodel_PLP_4.dlg	-8.96	65	-8.96	65	-10.34	65	-10.34	65	-10.43	96	-10.09	-10.43	96	1	100
P11926_1_461_5bwa_pdb_PLP_1.dlg	-9.11	28	-9.11	28	-9.96	28	-9.96	28	-10.25	9	-9.77	-10.25	9	1	63
Q9GZT4_1_340_3l6b_pdb_PLP_1.dlg	-9.47	66	-9.4	83	-10.46	66	-10.92	83	-10.94	96	-10.5	-10.94	96	2	52
Q16773_1_422_1w7m_pdb_PLP_1.dlg	-8.83	68	-8.83	68	-9.59	68	-9.59	68	-9.59	68	-9.17	-9.59	68	1	61
P11926_7_427_1d7k.1.A_swissmodel_PLP_2.dlg	-6.84	51	-6.37	71	-7.59	51	-7.73	71	-7.73	71	-7.1	-7.73	71	2	63
P06737_2_847_1fc0_pdb_PLP_2.dlg	-9.68	1	-9.27	2	-10.53	1	-10.8	2	-10.82	82	-10.27	-10.82	82	2	44
P06737_1_847_1l5q_pdb_PLP_1.dlg	-9.85	40	-9.41	14	-10.6	40	-9.93	14	-10.95	19	-10.51	-10.95	19	3	52
Q9Y600_1_493_2jis_pdb_PLP_1.dlg	-8.67	83	-8.67	83	-9.83	83	-9.83	83	-9.83	83	-9.4	-10.03	13	1	37
O15382_28_392_1ekp_pdb_PLP_2.dlg	-10.0	48	-9.65	19	-10.67	48	-10.42	19	-10.58	90	-10.3	-10.85	78	3	38
P04181_38_439_1gbn_pdb_PLP_4.dlg	-7.95	58	-7.95	58	-8.91	58	-8.91	58	-9.15	76	-8.82	-9.15	76	1	39
P0DN79_41_550_4l3v.1.A_swissmodel_PLP_2.dlg	-8.08	93	-7.21	68	-8.75	93	-8.34	68	-8.4	83	-8.13	-8.82	30	2	79
O15382_28_392_5hne_pdb_PLP_1.dlg	-10.01	72	-9.89	87	-10.66	72	-10.69	87	-11.14	65	-10.6	-11.14	65	3	69
P06737_1_847_1l5s_pdb_PLP_1.dlg	-9.44	35	-9.09	81	-10.24	35	-9.69	81	-10.61	46	-10.18	-10.61	46	3	51
P32929_1_402_2nmp_pdb_PLP_4.dlg	-8.32	53	-8.32	53	-9.77	53	-9.77	53	-9.8	62	-9.38	-9.8	62	1	90
P54687_1_386_2coi_pdb_PLP_1.dlg	-9.39	26	-8.61	90	-9.96	26	-9.74	90	-10.01	68	-9.42	-10.01	68	2	37
Q16773_4_422_4wp0.1.A_swissmodel_PLP_2.dlg	-9.45	63	-9.45	63	-10.2	63	-10.2	63	-10.23	20	-10.05	-10.23	20	1	61
Q16773_1_422_1w7m_pdb_PLP_2.dlg	-8.85	45	-8.85	45	-9.6	45	-9.6	45	-9.72	9	-9.26	-9.72	9	1	56
Q96I15_8_445_3gzd_pdb_PLP_2.dlg	-8.03	36	-8.03	36	-8.81	36	-8.81	36	-8.82	51	-8.27	-8.84	92	1	43
P32929_1_405_3elp_pdb_PLP_1.dlg	-8.1	23	-7.9	83	-8.83	23	-8.69	83	-8.86	89	-8.4	-9.18	8	2	20
Q9GZT4_3_329_3l6r.1.A_swissmodel_PLP_1.dlg	-9.45	26	-8.93	92	-10.25	26	-10.44	92	-10.52	48	-10.12	-10.53	87	4	33
