THR	Best Cluster (kcal/mol)	Run	Largest Cluster (kcal/mol)	Run	Best Cluster Res (kcal/mol)	Run	Largest Cluster Res (kcal/mol)	Run	Largest Cluster Res Best (kcal/mol)	Run	Largest Cluster Res Mean (kcal/mol)	bestbest (kcal/mol)	Run	Largest Cluster	Num in Largest Cluster
P54687_21_386_2abj.1.A_swissmodel_THR_PLP_2.dlg	-11.21	82	-10.22	74	-4.3	82	-4.12	74	-4.41	21	-3.67	-6.19	35	4	22
P34896_8_483_1eji.1.D_swissmodel_THR_PLP_3.dlg	-9.45	10	-9.45	10	-4.64	10	-4.64	10	-4.7	73	-4.29	-4.7	73	1	43
O15382_28_392_2a1h_pdb_THR_PLP_1.dlg	-14.44	7	-14.44	7	-4.12	7	-4.12	7	-5.2	59	-4.23	-7.87	2	1	62
Q16773_1_422_1w7m_pdb_THR_PLP_1.dlg	-12.81	65	-12.81	65	-5.89	65	-5.89	65	-6.11	40	-4.86	-6.11	40	1	83
P11926_1_461_5bwa_pdb_THR_PLP_1.dlg	-12.06	55	-11.54	51	-2.84	55	-5.34	51	-5.57	67	-4.65	-6.35	10	3	26
P11216_22_840_5iko.1.A_swissmodel_THR_PLP_2.dlg	-12.06	13	-11.98	80	-4.59	13	-4.91	80	-5.43	7	-4.68	-5.43	7	2	48
Q8TD30_49_523_3ihj_pdb_THR_PLP_1.dlg	-11.48	89	-11.48	89	-4.82	89	-4.82	89	-6.41	90	-4.49	-6.41	90	1	43
P21549_1_392_1h0c_pdb_THR_PLP_1.dlg	-11.05	4	-10.81	39	-5.08	4	-2.8	39	-4.84	51	-3.38	-6.02	30	3	51
O15382_28_392_5i5y_pdb_THR_PLP_1.dlg	-13.7	8	-13.7	8	-4.2	8	-4.2	8	-4.91	33	-4.09	-7.54	91	1	44
P06737_1_847_1l7x_pdb_THR_PLP_3.dlg	-12.34	19	-11.01	6	-4.42	19	-4.16	6	-4.7	89	-4.34	-6.14	25	7	23
P21549_1_392_3r9a_pdb_THR_PLP_1.dlg	-12.42	74	-11.93	54	-5.76	74	-5.96	54	-6.27	8	-4.92	-6.27	8	2	54
P06737_1_847_1em6_pdb_THR_PLP_1.dlg	-12.03	91	-12.03	91	-4.5	91	-4.5	91	-5.28	32	-4.16	-6.65	65	1	28
Q16773_4_422_4wp0.1.A_swissmodel_THR_PLP_2.dlg	-12.72	50	-12.72	50	-5.26	50	-5.26	50	-6.1	54	-4.94	-6.1	54	1	94
P32929_10_399_3cog.1.A_swissmodel_THR_PLP_1.dlg	-11.92	65	-11.92	65	-3.73	65	-3.73	65	-5.29	37	-3.89	-6.02	84	1	76
Q96EN8_35_495_5j8q.1.A_swissmodel_THR_PLP_2.dlg	-10.85	100	-9.32	89	-4.86	100	-1.86	89	-3.86	38	-2.22	-4.86	100	3	34
Q4AC99_134_553_1m7y.1.A_swissmodel_THR_PLP_2.dlg	-9.07	20	-8.34	78	-4.78	20	-2.89	78	-4.52	53	-3.08	-4.78	20	5	13
P21549_1_392_1j04_pdb_THR_PLP_2.dlg	-12.89	57	-12.89	57	-5.24	57	-5.24	57	-5.99	98	-5.07	-6.35	65	1	53
P0DN79_41_550_4l3v.1.A_swissmodel_THR_PLP_1.dlg	-9.45	7	-9.45	7	-3.81	7	-3.81	7	-4.83	51	-3.21	-5.18	3	1	48
Q9BYV1_65_508_5g4i.1.A_swissmodel_THR_PLP_2.dlg	-8.85	58	-7.65	19	-3.11	58	-1.46	19	-2.22	20	-1.65	-5.08	28	5	31
P20711_1_480_3rbl_pdb_THR_PLP_2.dlg	-12.02	13	-9.51	47	-5.04	13	-2.76	47	-2.84	32	-2.09	-5.58	3	4	37
Q96QU6_55_475_1m7y.1.A_swissmodel_THR_PLP_2.dlg	-12.29	34	-9.31	5	-6.5	34	-2.94	5	-2.94	5	-1.91	-6.89	36	6	18
O15382_28_392_5i5s_pdb_THR_PLP_1.dlg	-14.2	48	-13.43	21	-5.26	48	-3.85	21	-5.84	50	-4.0	-7.6	34	2	55
Q9BYV1_65_508_5g4i.1.A_swissmodel_THR_PLP_1.dlg	-9.36	54	-9.36	54	-3.31	54	-3.31	54	-3.43	46	-3.05	-4.07	52	1	28
Q9HD40_1_501_3hl2_pdb_THR_PLP_3.dlg	-13.75	21	-13.28	17	-4.99	21	-5.91	17	-7.02	56	-5.62	-7.02	56	2	39
O15382_28_392_5i5u_pdb_THR_PLP_1.dlg	-14.03	79	-13.77	5	-5.26	79	-4.59	5	-5.53	75	-4.06	-7.44	74	2	57
Q9Y697_67_457_5kz5_pdb_THR_PLP_10.dlg
O94903_12_248_1ct5.1.A_swissmodel_THR_PLP_1.dlg	-9.71	34	-9.71	34	-2.71	34	-2.71	34	-2.72	19	-2.48	-4.31	43	1	32
Q9Y697_67_457_5kz5_pdb_THR_PLP_12.dlg
P34896_11_480_1bj4_pdb_THR_PLP_1.dlg	-10.31	30	-10.31	30	-4.71	30	-4.71	30	-4.71	30	-3.92	-4.71	30	1	66
P11926_1_461_2oo0_pdb_THR_PLP_1.dlg	-11.13	85	-9.9	67	-5.27	85	-5.69	67	-6.39	37	-5.33	-6.39	37	2	40
P32929_1_402_2nmp_pdb_THR_PLP_4.dlg	-12.84	55	-12.84	55	-5.06	55	-5.06	55	-5.92	43	-4.88	-5.92	43	1	66
O15382_28_392_5i5w_pdb_THR_PLP_1.dlg	-13.95	72	-13.95	72	-4.65	72	-4.65	72	-5.26	82	-4.36	-7.27	22	1	50
P06737_2_847_1xoi_pdb_THR_PLP_2.dlg	-13.21	59	-13.21	59	-5.28	59	-5.28	59	-6.65	75	-4.86	-6.65	75	1	75
P32929_1_402_3cog_pdb_THR_PLP_3.dlg	-12.69	25	-12.69	25	-4.62	25	-4.62	25	-5.36	67	-3.65	-6.48	14	1	65
P06737_1_847_1l5q_pdb_THR_PLP_4.dlg	-12.63	70	-11.89	73	-4.79	70	-5.91	73	-6.35	97	-4.44	-6.85	12	3	28
Q8N5Z0_1_425_2r2n_pdb_THR_PLP_2.dlg	-14.53	28	-14.53	28	-4.0	28	-4.0	28	-4.79	8	-4.01	-7.39	1	1	70
P06737_2_847_3dd1_pdb_THR_PLP_1.dlg	-12.5	34	-12.5	34	-4.66	34	-4.66	34	-5.11	1	-3.98	-5.98	18	1	22
O15382_28_392_5i60_pdb_THR_PLP_1.dlg	-14.11	39	-14.11	39	-4.48	39	-4.48	39	-5.17	81	-4.24	-7.87	1	1	50
P13196_240_598_3tqx.1.A_swissmodel_THR_PLP_2.dlg	-11.58	83	-9.87	2	-5.13	83	-2.76	2	-3.41	84	-2.8	-5.28	62	6	44
O15382_28_392_5bww_pdb_THR_PLP_2.dlg	-15.16	64	-15.16	64	-5.73	64	-5.73	64	-6.59	45	-4.84	-8.14	73	1	41
Q16773_1_422_4wp0_pdb_THR_PLP_2.dlg	-12.45	86	-12.45	86	-5.47	86	-5.47	86	-5.51	82	-4.75	-6.17	17	1	78
P06737_1_847_2zb2_pdb_THR_PLP_1.dlg	-10.71	93	-10.71	93	-4.31	93	-4.31	93	-4.49	99	-3.46	-5.89	43	1	33
P21549_1_392_1h0c_pdb_THR_PLP_2.dlg	-10.73	28	-10.36	59	-4.23	28	-2.51	59	-4.78	23	-3.21	-5.99	57	4	32
P00505_32_430_5ax8.2.B_swissmodel_THR_PLP_2.dlg	-12.85	75	-12.85	75	-3.93	75	-3.93	75	-4.33	33	-3.93	-5.42	16	1	53
P11926_7_427_1d7k.1.A_swissmodel_THR_PLP_2.dlg	-9.41	95	-9.41	95	-5.33	95	-5.33	95	-5.93	74	-5.15	-5.93	74	1	14
O75600_41_418_3tqx.1.A_swissmodel_THR_PLP_2.dlg	-11.24	66	-11.24	66	-4.87	66	-4.87	66	-5.69	91	-4.8	-5.69	91	1	56
O15382_28_392_1kta_pdb_THR_PLP_1.dlg	-14.15	95	-14.15	95	-4.77	95	-4.77	95	-5.34	67	-4.7	-5.34	67	1	98
Q8TBG4_7_438_4ysn.1.A_swissmodel_THR_PLP_2.dlg	-7.34	95	-7.34	95	-1.8	95	-1.8	95	-3.1	29	-2.32	-5.29	44	1	18
O14977_10_432_4zgz.1.A_swissmodel_THR_PLP_1.dlg	-6.77	41	-6.77	41	-5.26	41	-5.26	41	-5.38	65	-3.47	-5.38	65	1	35
Q9HD40_19_462_4zdl.1.A_swissmodel_THR_PLP_3.dlg	-15.22	18	-15.22	18	-5.27	18	-5.27	18	-6.55	30	-5.58	-6.89	36	1	33
Q05329_168_585_4obv.1.A_swissmodel_THR_PLP_1.dlg	-10.93	37	-10.93	37	-3.13	37	-3.13	37	-3.99	83	-2.89	-4.73	63	1	28
Q9Y697_67_457_5kz5_pdb_THR_PLP_1.dlg
Q16773_1_422_1w7l_pdb_THR_PLP_1.dlg	-11.98	67	-8.83	8	-4.66	67	-3.97	8	-4.95	43	-4.14	-6.21	72	8	39
Q9HD40_1_501_4zdo_pdb_THR_PLP_2.dlg	-12.76	29	-12.31	30	-4.34	29	-3.33	30	-4.05	8	-3.35	-6.53	70	2	21
Q9NUV7_105_529_4bmk.1.A_swissmodel_THR_PLP_1.dlg	-13.35	95	-13.35	95	-4.62	95	-4.62	95	-5.59	96	-4.18	-5.59	96	1	74
P32929_10_399_3cog.1.A_swissmodel_THR_PLP_3.dlg	-12.72	14	-12.72	14	-4.11	14	-4.11	14	-5.34	34	-3.72	-5.99	100	1	61
Q9GZT4_3_329_3l6r.1.A_swissmodel_THR_PLP_1.dlg	-12.78	25	-11.9	32	-4.49	25	-5.31	32	-5.48	45	-4.65	-6.93	17	3	40
P11216_1_843_5iko_pdb_THR_PLP_4.dlg	-12.02	28	-11.92	52	-4.62	28	-4.52	52	-5.77	90	-4.65	-5.77	90	2	64
O15382_28_392_2a1h_pdb_THR_PLP_2.dlg	-14.69	72	-14.69	72	-5.01	72	-5.01	72	-5.61	6	-4.37	-7.48	47	1	66
P11216_22_840_5iko.1.A_swissmodel_THR_PLP_1.dlg	-12.0	14	-11.56	78	-4.62	14	-4.84	78	-5.37	15	-4.46	-5.37	15	2	59
P11217_13_837_3zcp.1.A_swissmodel_THR_PLP_1.dlg	-12.57	32	-12.57	32	-4.59	32	-4.59	32	-5.38	13	-4.3	-5.85	10	1	43
O15382_28_392_5i60_pdb_THR_PLP_2.dlg	-13.7	34	-11.81	29	-4.24	34	-2.75	29	-3.17	70	-2.83	-7.82	26	5	53
P54687_1_386_2coj_pdb_THR_PLP_1.dlg	-12.84	6	-12.84	6	-4.08	6	-4.08	6	-4.37	41	-3.66	-6.75	73	1	83
Q9GZT4_1_340_3l6r_pdb_THR_PLP_2.dlg	-10.79	61	-10.79	61	-4.42	61	-4.42	61	-4.96	99	-4.35	-5.11	66	1	30
P22557_151_541_2bwp.1.A_swissmodel_THR_PLP_1.dlg	-10.71	64	-10.71	64	-3.51	64	-3.51	64	-5.46	86	-3.93	-5.46	86	1	41
O95470_111_553_4q6r.1.A_swissmodel_THR_PLP_1.dlg	-13.05	62	-13.05	62	-5.61	62	-5.61	62	-5.81	16	-5.03	-6.01	43	1	48
Q99259_93_594_2okj_pdb_THR_PLP_1.dlg	-12.38	47	-12.38	47	-5.66	47	-5.66	47	-6.07	68	-5.01	-6.07	68	1	51
Q8N5Z0_1_425_4ge9_pdb_THR_PLP_2.dlg	-13.57	2	-13.57	2	-5.05	2	-5.05	2	-5.67	27	-4.9	-6.29	82	1	26
P04181_38_439_2can_pdb_THR_PLP_1.dlg	-11.4	48	-11.4	48	-5.25	48	-5.25	48	-5.25	48	-4.1	-5.5	92	1	24
P00505_30_430_5ax8_pdb_THR_PLP_2.dlg	-15.29	72	-14.12	57	-5.66	72	-3.13	57	-3.92	66	-3.34	-8.12	91	3	31
Q9GZT4_1_340_3l6b_pdb_THR_PLP_2.dlg	-13.7	41	-12.33	43	-4.65	41	-4.17	43	-5.51	14	-4.69	-7.09	24	4	50
P04181_1_439_2oat_pdb_THR_PLP_3.dlg	-10.84	37	-9.31	59	-3.69	37	-3.29	59	-4.85	13	-3.46	-5.83	94	6	18
O15382_28_392_5i5y_pdb_THR_PLP_2.dlg	-14.35	73	-14.35	73	-4.58	73	-4.58	73	-5.46	1	-4.3	-7.9	27	1	58
P21549_1_392_1j04_pdb_THR_PLP_1.dlg	-13.07	4	-13.07	4	-5.86	4	-5.86	4	-5.89	100	-5.12	-5.97	38	1	43
O15382_28_392_2hdk_pdb_THR_PLP_2.dlg	-13.97	22	-13.97	22	-4.53	22	-4.53	22	-5.02	40	-4.19	-7.41	52	1	82
Q16773_1_422_3fvu_pdb_THR_PLP_2.dlg	-13.76	36	-12.82	81	-4.98	36	-5.35	81	-5.64	59	-5.17	-6.82	74	4	29
P04181_38_439_1gbn_pdb_THR_PLP_3.dlg	-11.24	51	-10.85	69	-4.41	51	-4.06	69	-5.16	16	-3.63	-5.28	14	2	38
P11216_1_843_5iko_pdb_THR_PLP_3.dlg	-11.85	84	-11.83	82	-4.39	84	-4.45	82	-5.82	66	-4.76	-5.82	66	2	65
P20711_1_480_3rbf_pdb_THR_PLP_2.dlg	-10.29	1	-10.04	34	-2.68	1	-2.52	34	-3.11	4	-2.23	-5.56	35	2	51
Q8N5Z0_1_425_2xh1_pdb_THR_PLP_1.dlg	-13.49	25	-13.49	25	-3.5	25	-3.5	25	-5.09	54	-3.77	-6.39	60	1	73
P20711_1_480_3rch_pdb_THR_PLP_1.dlg	-9.06	16	-9.06	16	-3.04	16	-3.04	16	-3.48	95	-2.58	-5.12	100	1	19
Q16773_1_422_1w7m_pdb_THR_PLP_2.dlg	-13.0	75	-13.0	75	-6.03	75	-6.03	75	-6.03	75	-4.94	-6.54	14	1	73
P22557_194_547_1fc4.1.A_swissmodel_THR_PLP_2.dlg	-14.44	51	-14.44	51	-5.85	51	-5.85	51	-6.15	10	-5.29	-6.15	10	1	93
Q9HD40_1_501_3hl2_pdb_THR_PLP_4.dlg	-13.1	33	-12.89	35	-5.52	33	-5.56	35	-5.83	93	-5.0	-7.29	94	3	24
O15382_28_392_5bwu_pdb_THR_PLP_1.dlg	-14.99	56	-14.99	56	-5.68	56	-5.68	56	-6.08	36	-4.94	-7.74	14	1	46
P21549_1_392_4cbr_pdb_THR_PLP_1.dlg	-12.05	52	-12.05	52	-5.02	52	-5.02	52	-5.74	75	-4.62	-6.87	53	1	51
O15382_28_392_5bwr_pdb_THR_PLP_2.dlg	-14.09	84	-12.94	16	-7.52	84	-3.7	16	-4.64	68	-4.03	-7.54	97	3	35
P34897_22_504_4pvf_pdb_THR_PLP_3.dlg	-11.14	23	-9.2	48	-4.86	23	-4.93	48	-5.94	1	-5.15	-5.94	1	3	24
O15382_28_392_1ekv_pdb_THR_PLP_1.dlg	-14.38	5	-14.38	5	-5.71	5	-5.71	5	-6.02	69	-5.19	-6.46	16	1	76
O15382_28_392_2hgx_pdb_THR_PLP_2.dlg	-14.32	43	-14.32	43	-5.35	43	-5.35	43	-5.91	85	-4.7	-7.86	35	1	38
Q8N5Z0_1_425_4ge4_pdb_THR_PLP_2.dlg	-14.95	61	-14.95	61	-4.51	61	-4.51	61	-5.86	14	-5.12	-7.07	8	1	57
O15382_28_392_5i5t_pdb_THR_PLP_1.dlg	-14.07	18	-13.63	89	-5.04	18	-3.87	89	-5.66	5	-3.99	-7.57	74	3	52
Q96I15_8_445_3gzd_pdb_THR_PLP_1.dlg	-10.24	49	-9.75	62	-4.04	49	-5.02	62	-5.07	89	-4.29	-5.84	96	3	28
P06737_1_847_1exv_pdb_THR_PLP_1.dlg	-12.75	67	-12.61	87	-4.7	67	-4.8	87	-5.66	9	-4.7	-6.65	20	2	35
P11216_1_843_5ikp_pdb_THR_PLP_1.dlg	-15.47	9	-13.66	81	-2.77	9	-3.8	81	-4.17	23	-3.59	-4.17	23	3	57
P17174_2_413_3wzf.1.A_swissmodel_THR_PLP_2.dlg	-12.33	25	-11.38	67	-3.31	25	-2.56	67	-4.76	10	-2.92	-7.78	59	5	20
Q86YJ6_1_470_1kl7.1.A_swissmodel_THR_PLP_1.dlg	-11.15	100	-11.15	100	-2.68	100	-2.68	100	-3.48	69	-2.69	-6.08	87	1	49
Q16773_3_421_4ge9.1.A_swissmodel_THR_PLP_2.dlg	-11.2	34	-10.66	13	-5.65	34	-6.02	13	-6.8	78	-6.04	-6.8	78	2	57
P21549_1_392_4kxk_pdb_THR_PLP_1.dlg	-7.67	90	-6.22	74	-2.5	90	-2.04	74	-2.58	57	-1.64	-4.78	91	3	17
P20711_1_383_1js6.1.A_swissmodel_THR_PLP_1.dlg	-10.67	37	-10.47	36	-3.94	37	-4.16	36	-4.49	27	-3.96	-5.6	66	2	34
Q9Y617_17_370_3e77_pdb_THR_PLP_1.dlg	-11.18	65	-10.07	7	-5.8	65	-3.21	7	-4.05	57	-3.04	-6.9	18	4	28
P32929_1_405_3elp_pdb_THR_PLP_4.dlg	-10.28	22	-9.4	25	-4.09	22	-3.33	25	-4.79	67	-3.17	-4.79	67	5	20
Q9Y697_67_457_5kz5_pdb_THR_PLP_6.dlg
P80404_39_499_4y0d.1.A_swissmodel_THR_PLP_1.dlg	-12.05	20	-12.05	20	-5.96	20	-5.96	20	-6.1	56	-5.2	-6.39	6	1	66
P06737_1_847_1l5q_pdb_THR_PLP_3.dlg	-12.98	77	-11.17	81	-4.78	77	-4.86	81	-5.61	83	-4.65	-6.93	76	6	21
P06737_6_839_1fa9.1.A_swissmodel_THR_PLP_2.dlg	-12.13	49	-11.86	1	-4.68	49	-3.62	1	-4.9	71	-3.73	-5.45	96	2	64
Q8N5Z0_1_425_3ue8_pdb_THR_PLP_1.dlg	-15.17	54	-15.17	54	-4.66	54	-4.66	54	-5.75	100	-4.48	-7.54	45	1	70
Q96I15_29_444_3gzc.1.A_swissmodel_THR_PLP_2.dlg	-9.51	19	-9.51	19	-4.47	19	-4.47	19	-4.99	44	-4.34	-5.41	1	1	21
O15382_28_392_1ekf_pdb_THR_PLP_1.dlg	-14.47	56	-13.33	76	-4.74	56	-4.03	76	-4.35	33	-4.02	-8.04	95	3	43
Q9Y697_56_457_5usr.1.A_swissmodel_THR_PLP_2.dlg	-11.39	88	-10.42	61	-4.54	88	-4.3	61	-4.41	38	-3.77	-5.62	24	5	21
P11216_1_843_5iko_pdb_THR_PLP_1.dlg	-12.99	73	-12.51	15	-4.89	73	-4.93	15	-5.28	88	-4.78	-5.71	100	2	57
Q9BYV1_52_496_5g4i.1.A_swissmodel_THR_PLP_1.dlg	-10.34	61	-9.42	29	-3.34	61	-4.08	29	-4.22	98	-3.9	-5.08	19	2	19
P11216_22_840_5iko.1.A_swissmodel_THR_PLP_3.dlg	-12.17	38	-11.52	25	-4.68	38	-4.05	25	-5.51	2	-4.28	-5.51	2	2	57
P54687_1_386_2cog_pdb_THR_PLP_2.dlg	-12.99	4	-12.99	4	-4.54	4	-4.54	4	-5.44	32	-4.07	-6.47	60	1	84
P13196_240_598_3tqx.1.A_swissmodel_THR_PLP_1.dlg	-11.23	41	-10.8	91	-4.73	41	-4.05	91	-5.61	46	-4.46	-5.66	57	3	44
Q9Y600_7_493_2jis.1.A_swissmodel_THR_PLP_1.dlg	-11.08	74	-10.5	3	-5.38	74	-5.31	3	-6.1	53	-4.88	-6.1	53	4	21
Q8N5Z0_1_425_5eun_pdb_THR_PLP_1.dlg	-12.76	57	-12.76	57	-2.32	57	-2.32	57	-4.33	26	-2.72	-5.39	92	1	85
P34897_22_504_4pvf_pdb_THR_PLP_4.dlg	-10.63	20	-10.6	26	-4.6	20	-2.71	26	-3.88	10	-2.94	-5.58	47	2	38
P32929_10_399_3cog.1.A_swissmodel_THR_PLP_4.dlg	-12.12	28	-12.12	28	-3.5	28	-3.5	28	-5.53	34	-3.67	-5.89	100	1	78
P13196_189_573_3hqt.1.A_swissmodel_THR_PLP_2.dlg	-9.7	65	-9.51	66	-5.92	65	-3.03	66	-3.7	85	-2.96	-6.3	77	2	26
O75600_41_418_3tqx.1.A_swissmodel_THR_PLP_1.dlg	-11.29	30	-11.11	95	-5.16	30	-4.38	95	-5.51	45	-4.41	-5.55	16	2	63
P34896_8_483_1eji.1.D_swissmodel_THR_PLP_4.dlg	-9.47	86	-9.47	86	-4.56	86	-4.56	86	-4.7	11	-4.3	-4.7	11	1	16
Q96EN8_35_495_5j8q.1.A_swissmodel_THR_PLP_1.dlg	-9.38	62	-8.14	81	-2.86	62	-1.58	81	-2.27	54	-1.99	-5.07	59	7	19
P17735_51_442_4ge9.1.A_swissmodel_THR_PLP_2.dlg	-10.86	95	-10.5	54	-2.85	95	-4.39	54	-5.28	60	-3.78	-6.07	44	3	28
Q4AC99_134_553_1m7y.1.A_swissmodel_THR_PLP_1.dlg	-9.3	50	-9.3	50	-3.91	50	-3.91	50	-4.06	24	-3.36	-4.79	30	1	17
Q16773_1_422_4wlj_pdb_THR_PLP_1.dlg	-14.04	90	-14.04	90	-4.6	90	-4.6	90	-5.53	66	-4.73	-6.09	80	1	83
P54687_21_386_2abj_pdb_THR_PLP_2.dlg	-12.65	33	-12.65	33	-4.5	33	-4.5	33	-5.38	42	-3.85	-6.88	16	1	57
P34897_22_504_4pvf_pdb_THR_PLP_1.dlg	-11.55	90	-11.29	19	-4.82	90	-3.22	19	-4.06	13	-3.18	-6.02	39	2	71
P06737_1_847_1l5s_pdb_THR_PLP_4.dlg	-12.59	98	-11.98	17	-6.31	98	-4.31	17	-5.86	27	-4.54	-6.56	82	3	39
P21549_1_388_2yob_pdb_THR_PLP_1.dlg	-13.35	53	-13.35	53	-6.53	53	-6.53	53	-6.59	4	-5.9	-6.79	81	1	42
P20711_1_480_3rbf_pdb_THR_PLP_1.dlg	-10.88	65	-9.64	34	-4.18	65	-3.39	34	-3.79	86	-3.05	-5.3	17	8	24
P54687_1_386_2coi_pdb_THR_PLP_1.dlg	-12.5	15	-12.5	15	-3.99	15	-3.99	15	-4.35	55	-3.62	-6.88	22	1	81
P21549_6_392_3r9a.1.A_swissmodel_THR_PLP_1.dlg	-11.63	25	-10.91	27	-5.07	25	-5.47	27	-5.97	94	-4.84	-5.97	94	2	48
Q6YP21_41_450_3e2y.1.A_swissmodel_THR_PLP_2.dlg	-16.32	98	-16.32	98	-6.01	98	-6.01	98	-6.25	14	-5.15	-6.26	68	1	64
P04181_38_439_1gbn_pdb_THR_PLP_1.dlg	-10.77	63	-9.47	30	-4.24	63	-3.19	30	-4.21	9	-3.18	-5.57	72	4	29
Q8N5Z0_1_425_4ge4_pdb_THR_PLP_1.dlg	-15.81	72	-15.81	72	-4.52	72	-4.52	72	-6.02	55	-5.02	-7.74	36	1	67
P23378_53_1006_4lgl.1.A_swissmodel_THR_PLP_2.dlg	-8.16	76	-8.16	76	-4.95	76	-4.95	76	-4.95	76	-3.47	-5.11	47	1	29
O15382_28_392_5cr5_pdb_THR_PLP_1.dlg	-14.18	85	-14.18	85	-4.58	85	-4.58	85	-4.98	60	-4.28	-7.41	86	1	64
O15382_28_392_5bwt_pdb_THR_PLP_2.dlg	-14.15	69	-12.57	96	-5.15	69	-3.52	96	-4.64	32	-3.76	-7.72	97	4	22
P80404_39_499_4y0d.1.A_swissmodel_THR_PLP_2.dlg	-11.77	57	-11.77	57	-4.92	57	-4.92	57	-5.73	60	-4.93	-6.36	75	1	58
P06737_1_847_1em6_pdb_THR_PLP_2.dlg	-11.92	50	-11.73	47	-5.58	50	-4.48	47	-5.6	23	-4.58	-6.75	22	3	37
P00505_30_430_5ax8_pdb_THR_PLP_1.dlg	-12.35	66	-11.88	10	-4.13	66	-5.79	10	-6.51	8	-6.14	-6.61	82	4	27
Q16773_1_422_1w7n_pdb_THR_PLP_2.dlg	-15.8	22	-15.8	22	-5.66	22	-5.66	22	-5.82	9	-4.56	-7.31	93	1	91
O15382_28_392_1ekp_pdb_THR_PLP_1.dlg	-13.88	88	-13.88	88	-4.59	88	-4.59	88	-5.44	24	-4.34	-8.0	40	1	50
P17174_2_413_3wzf_pdb_THR_PLP_2.dlg	-13.51	69	-12.18	85	-4.09	69	-4.02	85	-4.63	58	-3.19	-7.96	3	4	26
P11926_1_461_2on3_pdb_THR_PLP_2.dlg	-11.25	49	-11.25	49	-5.71	49	-5.71	49	-5.97	56	-5.4	-5.97	56	1	28
P20711_1_383_1js6.1.A_swissmodel_THR_PLP_2.dlg	-9.73	5	-9.73	5	-2.75	5	-2.75	5	-3.36	38	-2.72	-4.91	13	1	23
Q9NUV7_155_530_2x8u.1.A_swissmodel_THR_PLP_2.dlg	-10.88	15	-10.78	47	-4.23	15	-2.98	47	-4.61	28	-3.17	-4.61	28	2	44
P06737_1_847_1l5r_pdb_THR_PLP_1.dlg	-12.43	82	-12.43	82	-4.73	82	-4.73	82	-5.36	18	-3.93	-6.27	69	1	19
Q8N5Z0_1_425_5efs_pdb_THR_PLP_1.dlg	-14.83	96	-14.83	96	-3.65	96	-3.65	96	-5.2	14	-4.17	-6.92	75	1	86
Q16773_4_422_4wp0.1.A_swissmodel_THR_PLP_1.dlg	-12.98	31	-12.98	31	-5.01	31	-5.01	31	-5.9	21	-4.79	-5.9	21	1	94
P06737_1_847_1l5s_pdb_THR_PLP_1.dlg	-12.48	77	-10.97	64	-4.7	77	-4.43	64	-5.05	91	-4.48	-6.43	25	7	27
Q9Y697_67_457_5kz5_pdb_THR_PLP_8.dlg
Q8N5Z0_1_425_3ue8_pdb_THR_PLP_2.dlg	-12.83	5	-12.83	5	-4.7	5	-4.7	5	-5.18	62	-4.47	-6.53	47	1	67
Q9NUV7_155_530_2x8u.1.A_swissmodel_THR_PLP_1.dlg	-11.74	22	-10.33	57	-4.42	22	-2.54	57	-4.47	9	-2.81	-4.84	45	2	52
Q4AC99_168_554_3ath.1.A_swissmodel_THR_PLP_2.dlg	-8.8	31	-8.8	31	-3.17	31	-3.17	31	-3.39	57	-2.67	-5.69	63	1	23
O15382_28_392_5bwv_pdb_THR_PLP_1.dlg	-15.12	32	-15.12	32	-5.83	32	-5.83	32	-6.37	92	-5.25	-7.95	72	1	54
Q8IYQ7_1kl7.1.A_227_740_THR_PLP_1.dlg	-10.24	12	-10.24	12	-3.25	12	-3.25	12	-3.98	82	-3.0	-6.11	62	1	31
P21549_1_392_4kxk_pdb_THR_PLP_2.dlg	-7.82	43	-7.82	43	-3.25	43	-3.25	43	-4.19	31	-2.54	-5.08	67	1	29
Q96GA7_11_328_2rkb_pdb_THR_PLP_1.dlg	-13.89	79	-11.64	76	-5.32	79	-6.55	76	-6.55	76	-5.68	-6.55	76	4	23
P06737_1_847_1l5q_pdb_THR_PLP_2.dlg	-12.72	94	-12.72	94	-5.92	94	-5.92	94	-6.11	27	-4.47	-6.83	38	1	26
P04181_1_439_2byl_pdb_THR_PLP_1.dlg	-10.14	78	-10.14	78	-3.91	78	-3.91	78	-3.91	78	-3.29	-5.23	47	1	40
Q4AC99_168_554_3ath.1.A_swissmodel_THR_PLP_1.dlg	-10.41	86	-9.04	37	-3.07	86	-3.11	37	-3.69	81	-2.82	-5.18	20	3	29
P24298_19_495_3tcm.1.A_swissmodel_THR_PLP_1.dlg	-13.33	8	-10.5	64	-6.13	8	-3.2	64	-3.81	37	-2.68	-6.2	59	2	53
P17735_41_444_3dyd_pdb_THR_PLP_2.dlg	-12.09	66	-12.09	66	-5.7	66	-5.7	66	-5.95	91	-5.4	-5.95	91	1	44
P21549_1_392_4i8a_pdb_THR_PLP_2.dlg	-9.16	82	-9.16	82	-3.59	82	-3.59	82	-4.67	70	-2.94	-5.15	18	1	49
Q8N5Z0_2_425_2vgz_pdb_THR_PLP_1.dlg	-13.63	16	-13.63	16	-4.53	16	-4.53	16	-4.74	93	-4.01	-6.37	39	1	37
P11926_1_461_2on3_pdb_THR_PLP_1.dlg	-11.13	3	-11.13	3	-6.98	3	-6.98	3	-7.2	63	-5.93	-7.2	63	1	27
P06737_6_839_1fa9.1.A_swissmodel_THR_PLP_1.dlg	-12.18	18	-11.98	77	-5.71	18	-3.79	77	-4.78	100	-3.7	-6.13	90	3	62
P04181_1_439_2byl_pdb_THR_PLP_2.dlg	-10.07	9	-10.07	9	-2.84	9	-2.84	9	-4.06	39	-3.3	-5.13	65	1	41
P06737_1_847_1l5r_pdb_THR_PLP_4.dlg	-12.43	25	-12.36	16	-5.82	25	-4.82	16	-5.87	90	-4.7	-6.57	18	2	24
Q6ZQY3_35_520_5hsj.1.A_swissmodel_THR_PLP_1.dlg	-10.28	42	-10.28	42	-4.19	42	-4.19	42	-5.17	8	-4.11	-5.29	4	1	25
O15382_28_392_5i5v_pdb_THR_PLP_1.dlg	-14.0	68	-13.39	8	-4.64	68	-4.05	8	-5.03	30	-4.01	-7.63	44	3	35
Q9HD40_1_501_4zdl_pdb_THR_PLP_4.dlg	-13.67	79	-13.53	34	-4.99	79	-4.55	34	-4.74	88	-4.12	-6.07	29	3	19
P24298_19_495_3tcm.1.A_swissmodel_THR_PLP_2.dlg	-13.41	78	-10.32	94	-5.85	78	-2.68	94	-3.37	67	-2.54	-6.97	100	2	38
O15382_28_392_5bwx_pdb_THR_PLP_2.dlg	-14.91	90	-14.91	90	-5.47	90	-5.47	90	-5.84	91	-4.89	-8.02	56	1	51
P04181_1_439_2byj_pdb_THR_PLP_2.dlg	-10.84	6	-10.84	6	-4.73	6	-4.73	6	-5.21	37	-4.51	-5.21	37	1	27
Q9Y697_67_457_5kz5_pdb_THR_PLP_2.dlg
P06737_2_847_2ati_pdb_THR_PLP_2.dlg	-11.76	27	-10.57	67	-4.6	27	-4.29	67	-4.91	18	-4.61	-6.83	29	9	22
Q8IYQ7_1kl7.1.A_227_740_THR_PLP_2.dlg	-10.34	54	-9.55	77	-3.45	54	-5.36	77	-6.14	86	-4.98	-6.14	86	3	32
P04181_38_439_1gbn_pdb_THR_PLP_2.dlg	-10.61	66	-9.63	4	-4.3	66	-4.14	4	-5.43	32	-4.18	-5.43	32	3	32
Q8TBG4_7_438_4ysn.1.A_swissmodel_THR_PLP_1.dlg	-9.18	21	-8.28	91	-4.54	21	-5.84	91	-5.84	91	-3.25	-5.84	91	2	35
Q9Y617_17_370_3e77.1.A_swissmodel_THR_PLP_2.dlg	-12.4	31	-10.44	91	-5.78	31	-6.05	91	-6.17	46	-5.17	-6.25	34	8	11
Q99259_93_593_2okj.1.A_swissmodel_THR_PLP_1.dlg	-11.76	100	-9.91	69	-5.44	100	-4.46	69	-5.62	7	-4.66	-5.74	34	3	45
P21549_1_392_4cbs_pdb_THR_PLP_1.dlg	-12.08	74	-12.08	74	-5.49	74	-5.49	74	-6.38	10	-5.11	-6.38	10	1	67
Q99259_90_594_3vp6_pdb_THR_PLP_1.dlg	-11.22	81	-11.22	81	-3.28	81	-3.28	81	-4.33	67	-2.77	-6.37	54	1	33
Q9Y617_17_370_3e77.1.A_swissmodel_THR_PLP_1.dlg	-11.61	85	-11.61	85	-4.2	85	-4.2	85	-4.59	33	-3.91	-5.76	71	1	18
P06737_24_832_3cej_pdb_THR_PLP_1.dlg	-12.13	66	-12.13	66	-4.73	66	-4.73	66	-5.02	67	-4.15	-5.99	21	1	29
P06737_2_847_2ati_pdb_THR_PLP_1.dlg	-11.6	17	-10.85	86	-4.43	17	-2.77	86	-4.85	73	-3.22	-5.73	63	6	25
O15382_28_392_1kt8_pdb_THR_PLP_1.dlg	-13.99	54	-13.99	54	-4.52	54	-4.52	54	-5.53	44	-4.84	-6.25	79	1	94
Q96GA7_11_328_2rkb_pdb_THR_PLP_2.dlg	-12.49	43	-12.18	2	-4.86	43	-3.44	2	-4.75	36	-3.94	-6.5	58	2	22
P06737_1_847_1l5r_pdb_THR_PLP_3.dlg	-12.44	24	-12.17	82	-4.71	24	-4.5	82	-4.94	62	-4.53	-5.99	7	3	29
P21549_1_392_4cbs_pdb_THR_PLP_2.dlg	-12.19	35	-12.19	35	-4.83	35	-4.83	35	-6.17	25	-4.86	-6.17	25	1	62
P04181_1_439_2oat_pdb_THR_PLP_1.dlg	-11.69	81	-11.69	81	-5.41	81	-5.41	81	-5.86	24	-4.89	-5.98	57	1	46
Q9GZT4_3_329_3l6r.1.A_swissmodel_THR_PLP_2.dlg	-12.82	82	-11.73	71	-4.51	82	-5.31	71	-5.43	70	-4.39	-6.06	80	3	35
P11926_7_427_1d7k_pdb_THR_PLP_1.dlg	-10.7	67	-10.7	67	-5.89	67	-5.89	67	-6.31	17	-5.48	-6.31	17	1	26
P06737_1_847_1l5r_pdb_THR_PLP_2.dlg	-11.81	91	-11.75	36	-6.1	91	-4.58	36	-5.43	71	-4.59	-6.62	86	3	32
O15382_28_392_5bwr_pdb_THR_PLP_1.dlg	-14.02	85	-12.78	78	-5.12	85	-3.6	78	-4.25	28	-3.69	-7.84	38	4	37
O15382_28_392_1ekv_pdb_THR_PLP_2.dlg	-14.86	88	-14.86	88	-5.61	88	-5.61	88	-6.06	26	-4.97	-7.09	4	1	80
Q9HD40_1_501_4zdl_pdb_THR_PLP_2.dlg	-13.46	6	-13.34	96	-4.9	6	-4.62	96	-4.88	93	-4.06	-6.09	76	3	24
Q8N5Z0_1_425_3dc1_pdb_THR_PLP_2.dlg	-12.87	94	-12.87	94	-4.08	94	-4.08	94	-4.46	99	-3.66	-5.03	23	1	29
O15382_28_392_5i5t_pdb_THR_PLP_2.dlg	-14.64	83	-12.9	91	-5.4	83	-3.54	91	-4.62	17	-3.69	-7.53	60	3	47
Q9Y600_1_493_2jis_pdb_THR_PLP_1.dlg	-11.87	15	-11.87	15	-5.63	15	-5.63	15	-5.92	12	-5.49	-6.44	92	1	20
O15382_28_392_5i5s_pdb_THR_PLP_2.dlg	-14.39	96	-13.58	61	-5.32	96	-3.78	61	-4.68	90	-3.88	-7.98	29	3	48
P06737_1_847_1l5s_pdb_THR_PLP_2.dlg	-12.27	8	-11.84	88	-4.7	8	-4.29	88	-5.4	70	-4.59	-6.65	2	2	48
P20132_1_328_4h27_pdb_THR_PLP_1.dlg	-10.85	14	-10.26	39	-5.2	14	-4.4	39	-6.55	7	-4.62	-6.55	7	5	25
P06737_1_847_1exv_pdb_THR_PLP_2.dlg	-12.87	51	-12.68	29	-4.88	51	-4.8	29	-4.91	69	-4.61	-6.52	80	2	17
P54687_1_386_2coj_pdb_THR_PLP_2.dlg	-13.29	48	-13.25	45	-5.38	48	-4.84	45	-5.12	60	-4.3	-7.19	25	2	93
O15382_28_392_5i5x_pdb_THR_PLP_1.dlg	-14.24	56	-14.24	56	-4.93	56	-4.93	56	-5.82	91	-4.74	-7.1	46	1	86
Q9HD40_1_501_4zdl_pdb_THR_PLP_1.dlg	-13.84	65	-13.84	65	-5.28	65	-5.28	65	-5.93	32	-4.92	-5.97	90	1	32
P11217_13_837_3zcp.1.A_swissmodel_THR_PLP_2.dlg	-12.69	59	-12.69	59	-4.99	59	-4.99	59	-5.52	79	-4.35	-5.96	51	1	44
Q9Y697_67_457_5kz5_pdb_THR_PLP_7.dlg
Q8TBG4_7_438_4ysn.1.A_swissmodel_THR_PLP_4.dlg	-8.14	76	-8.14	76	-4.13	76	-4.13	76	-5.9	89	-3.67	-5.9	89	1	49
Q96I15_29_444_3gzc.1.A_swissmodel_THR_PLP_1.dlg	-11.28	71	-11.28	71	-5.22	71	-5.22	71	-6.33	24	-5.18	-6.33	24	1	58
P06737_24_832_3ceh_pdb_THR_PLP_1.dlg	-11.85	88	-11.03	100	-3.98	88	-4.38	100	-5.75	1	-3.85	-5.9	27	3	31
O95470_62_568_4q6r_pdb_THR_PLP_1.dlg	-14.01	4	-14.01	4	-4.64	4	-4.64	4	-5.59	86	-4.87	-6.17	63	1	60
O15270_112_537_4bmk.1.A_swissmodel_THR_PLP_2.dlg	-12.91	17	-12.91	17	-4.83	17	-4.83	17	-5.41	91	-4.08	-5.41	91	1	63
Q9HD40_1_501_4zdo_pdb_THR_PLP_4.dlg	-12.67	25	-12.0	68	-4.5	25	-3.41	68	-4.57	7	-3.43	-6.34	39	4	24
P04181_36_439_2byj.1.A_swissmodel_THR_PLP_2.dlg	-11.22	73	-11.22	73	-4.98	73	-4.98	73	-5.47	77	-4.63	-5.6	24	1	35
P17735_41_444_3dyd.1.A_swissmodel_THR_PLP_2.dlg	-11.64	61	-10.15	13	-5.39	61	-4.2	13	-4.32	41	-3.75	-5.95	5	2	38
P20711_1_480_3rch_pdb_THR_PLP_2.dlg	-11.16	12	-10.54	22	-4.33	12	-4.38	22	-5.35	11	-4.57	-5.61	20	3	31
Q99259_90_594_3vp6_pdb_THR_PLP_2.dlg	-13.94	94	-13.94	94	-4.25	94	-4.25	94	-5.12	92	-4.45	-6.53	79	1	69
Q16773_1_422_3fvu_pdb_THR_PLP_1.dlg	-12.38	73	-12.08	89	-5.52	73	-4.27	89	-5.49	97	-3.89	-6.73	6	2	32
Q96QU6_63_482_1ynu.1.A_swissmodel_THR_PLP_1.dlg	-11.79	9	-11.79	9	-5.69	9	-5.69	9	-5.86	50	-4.6	-5.86	50	1	63
Q99259_93_593_2okj.1.A_swissmodel_THR_PLP_2.dlg	-11.84	45	-10.72	39	-3.79	45	-5.59	39	-5.79	90	-5.35	-5.79	90	2	27
Q05329_88_584_2okk.1.A_swissmodel_THR_PLP_1.dlg	-11.64	61	-11.41	17	-5.23	61	-3.45	17	-3.66	72	-2.9	-5.69	47	2	34
P04181_36_439_2byj.1.A_swissmodel_THR_PLP_1.dlg	-11.09	61	-11.09	61	-5.34	61	-5.34	61	-5.34	61	-4.51	-5.34	61	1	29
Q9Y697_67_457_5kz5_pdb_THR_PLP_5.dlg
P20711_1_480_3rbf.1.B_swissmodel_THR_PLP_2.dlg	-10.73	71	-10.15	56	-2.63	71	-2.24	56	-3.48	87	-2.29	-5.53	8	2	42
O15382_28_392_1ekp_pdb_THR_PLP_2.dlg	-13.71	51	-13.71	51	-4.35	51	-4.35	51	-5.68	78	-4.14	-7.97	68	1	65
P20711_1_480_3rbf.1.B_swissmodel_THR_PLP_1.dlg	-10.56	7	-9.41	84	-3.75	7	-2.83	84	-3.87	60	-3.13	-5.62	74	5	20
P06737_2_847_1fc0_pdb_THR_PLP_1.dlg	-12.33	38	-11.32	68	-4.4	38	-4.67	68	-5.61	17	-4.44	-5.85	2	5	33
Q9HD40_1_501_4zdo_pdb_THR_PLP_3.dlg	-11.89	75	-11.89	75	-4.31	75	-4.31	75	-4.61	40	-4.02	-6.05	37	1	16
Q8N5Z0_2_425_2vgz_pdb_THR_PLP_2.dlg	-14.31	11	-14.31	11	-3.92	11	-3.92	11	-4.99	90	-4.03	-6.57	41	1	84
P04181_1_439_2byj_pdb_THR_PLP_1.dlg	-10.91	20	-9.39	28	-4.77	20	-4.23	28	-4.37	47	-3.98	-5.29	43	4	34
P11216_22_840_5iko.1.A_swissmodel_THR_PLP_4.dlg	-11.78	54	-11.65	84	-4.73	54	-4.05	84	-5.35	27	-4.23	-5.35	27	2	75
Q9HD40_1_501_3hl2_pdb_THR_PLP_2.dlg	-13.45	41	-13.45	41	-5.72	41	-5.72	41	-7.02	40	-6.16	-7.02	40	1	19
O15382_28_392_2hgw_pdb_THR_PLP_1.dlg	-14.91	83	-14.91	83	-5.42	83	-5.42	83	-5.73	2	-4.89	-7.74	20	1	52
P54687_1_386_2cog_pdb_THR_PLP_1.dlg	-12.4	50	-12.4	50	-4.48	50	-4.48	50	-5.14	78	-4.18	-6.6	84	1	93
O15382_28_392_1ekf_pdb_THR_PLP_2.dlg	-14.48	32	-13.13	37	-4.28	32	-3.63	37	-4.6	11	-3.85	-7.66	18	2	55
Q8N5Z0_1_425_4geb_pdb_THR_PLP_2.dlg	-14.65	48	-14.65	48	-5.16	48	-5.16	48	-5.48	60	-4.57	-7.55	13	1	66
Q9BYV1_52_496_5g4i.1.A_swissmodel_THR_PLP_2.dlg	-8.81	11	-8.72	85	-2.88	11	-3.2	85	-3.26	47	-1.83	-4.43	87	2	32
O15382_28_392_5bwu_pdb_THR_PLP_2.dlg	-15.08	72	-15.08	72	-5.65	72	-5.65	72	-6.02	48	-5.0	-7.96	90	1	62
O15382_28_392_5cr5_pdb_THR_PLP_2.dlg	-13.82	23	-13.82	23	-4.44	23	-4.44	23	-4.79	93	-4.17	-7.4	85	1	48
O75600_74_419_2x8u.1.A_swissmodel_THR_PLP_2.dlg	-10.08	1	-10.08	1	-3.15	1	-3.15	1	-3.3	56	-2.76	-5.8	60	1	86
Q96QU6_63_482_1ynu.1.A_swissmodel_THR_PLP_2.dlg	-11.77	41	-11.77	41	-5.64	41	-5.64	41	-5.94	57	-4.69	-5.94	57	1	61
P21549_1_392_4kyo_pdb_THR_PLP_1.dlg	-10.05	13	-10.05	13	-2.68	13	-2.68	13	-3.55	22	-2.72	-6.0	58	1	48
P06737_1_847_1l7x_pdb_THR_PLP_4.dlg	-12.57	35	-12.57	35	-5.19	35	-5.19	35	-5.56	37	-4.52	-6.44	20	1	52
Q8N5Z0_1_425_5tf5_pdb_THR_PLP_1.dlg	-13.7	92	-13.7	92	-5.67	92	-5.67	92	-6.0	13	-4.96	-6.0	13	1	94
Q9HD40_1_501_4zdp_pdb_THR_PLP_3.dlg	-12.73	47	-12.18	13	-4.26	47	-5.53	13	-6.57	60	-4.5	-6.57	60	2	33
O15382_28_392_5hne_pdb_THR_PLP_2.dlg	-13.51	51	-11.63	20	-4.88	51	-2.68	20	-4.02	55	-2.79	-7.21	40	5	64
Q9HD40_1_501_4zdp_pdb_THR_PLP_4.dlg	-14.93	94	-14.1	88	-7.2	94	-4.84	88	-5.76	53	-4.35	-7.35	18	2	44
P06737_1_847_1l5s_pdb_THR_PLP_3.dlg	-11.9	29	-11.1	97	-5.19	29	-4.26	97	-5.54	11	-4.46	-5.54	11	5	28
O15382_28_392_5i5w_pdb_THR_PLP_2.dlg	-14.79	16	-14.79	16	-5.38	16	-5.38	16	-5.83	70	-4.79	-7.88	59	1	37
P32929_1_405_3elp_pdb_THR_PLP_2.dlg	-9.92	15	-9.59	61	-3.2	15	-2.5	61	-3.3	44	-2.16	-5.65	10	3	16
Q9HD40_1_501_4zdl_pdb_THR_PLP_3.dlg	-13.72	66	-13.72	66	-4.99	66	-4.99	66	-5.9	61	-5.04	-5.9	61	1	46
Q16773_3_421_4ge9.1.A_swissmodel_THR_PLP_1.dlg	-9.65	94	-9.65	94	-2.65	94	-2.65	94	-3.3	13	-2.55	-5.6	6	1	25
Q8IUZ5_10_438_5g4i.1.A_swissmodel_THR_PLP_1.dlg	-13.17	49	-13.17	49	-4.63	49	-4.63	49	-4.93	85	-3.91	-6.09	94	1	41
O15270_145_538_1fc4.1.A_swissmodel_THR_PLP_1.dlg	-8.46	33	-6.38	16	-2.69	33	-5.0	16	-6.77	48	-4.77	-6.77	48	3	43
P06737_1_847_1l7x_pdb_THR_PLP_2.dlg	-12.53	76	-12.53	76	-5.44	76	-5.44	76	-5.46	57	-4.51	-6.58	96	1	62
Q9HD40_1_501_3hl2_pdb_THR_PLP_1.dlg	-13.63	53	-13.63	53	-5.61	53	-5.61	53	-6.37	62	-5.39	-6.65	80	1	55
Q9GZT4_1_340_3l6r_pdb_THR_PLP_1.dlg	-10.78	87	-10.78	87	-4.39	87	-4.39	87	-5.15	7	-4.42	-5.15	7	1	28
P06737_2_847_1xoi_pdb_THR_PLP_1.dlg	-12.84	8	-12.84	8	-5.55	8	-5.55	8	-6.85	75	-5.18	-6.85	75	1	57
O15270_145_538_1fc4.1.A_swissmodel_THR_PLP_2.dlg	-5.29	64	-3.9	40	-3.51	64	-4.33	40	-6.66	10	-4.79	-6.66	10	4	40
P11926_2_421_4zgy_pdb_THR_PLP_1.dlg	-11.86	55	-10.4	1	-4.1	55	-3.83	1	-3.83	1	-3.08	-6.25	91	5	13
P32929_1_402_3cog_pdb_THR_PLP_4.dlg	-12.08	19	-12.08	19	-5.3	19	-5.3	19	-5.64	92	-4.0	-5.65	77	1	72
P21549_6_392_3r9a.1.A_swissmodel_THR_PLP_2.dlg	-10.21	15	-10.21	15	-4.68	15	-4.68	15	-4.85	43	-4.1	-6.14	27	1	33
P04181_1_439_2oat_pdb_THR_PLP_4.dlg	-11.49	86	-11.49	86	-5.09	86	-5.09	86	-5.78	90	-4.82	-5.86	31	1	50
P00505_32_430_5ax8.2.B_swissmodel_THR_PLP_1.dlg	-13.9	35	-13.07	52	-4.66	35	-5.2	52	-5.32	61	-5.18	-6.1	31	2	19
Q16773_1_422_3fvx_pdb_THR_PLP_2.dlg	-12.79	13	-10.03	35	-6.14	13	-2.68	35	-3.17	84	-2.77	-6.67	7	3	39
Q16773_1_422_4wp0_pdb_THR_PLP_1.dlg	-13.8	52	-13.8	52	-4.24	52	-4.24	52	-5.86	54	-4.76	-6.1	23	1	90
Q16773_1_422_1w7l_pdb_THR_PLP_2.dlg	-12.09	20	-8.79	93	-5.11	20	-4.02	93	-4.95	81	-4.07	-5.28	26	6	39
Q8N5Z0_1_425_3dc1_pdb_THR_PLP_1.dlg	-14.78	93	-14.78	93	-3.69	93	-3.69	93	-5.0	94	-3.93	-5.0	94	1	81
Q96GA7_11_328_2rkb.1.A_swissmodel_THR_PLP_2.dlg	-12.35	95	-12.35	95	-4.36	95	-4.36	95	-5.67	13	-4.54	-6.14	76	1	27
Q16773_1_422_4wlh_pdb_THR_PLP_1.dlg	-12.93	5	-12.93	5	-5.18	5	-5.18	5	-5.77	52	-4.77	-5.88	47	1	76
P17735_41_444_3dyd.1.A_swissmodel_THR_PLP_1.dlg	-11.61	46	-10.4	2	-6.01	46	-3.28	2	-4.87	98	-3.25	-6.01	46	4	50
P06737_1_847_1l5q_pdb_THR_PLP_1.dlg	-13.17	75	-13.17	75	-4.79	75	-4.79	75	-5.31	54	-4.16	-6.43	57	1	19
Q8N5Z0_1_425_4geb_pdb_THR_PLP_1.dlg	-13.98	37	-13.98	37	-4.58	37	-4.58	37	-5.18	7	-4.49	-7.46	85	1	46
P13196_199_595_2bwp.1.A_swissmodel_THR_PLP_1.dlg	-9.99	100	-8.73	59	-4.14	100	-5.4	59	-5.4	59	-4.03	-5.4	59	2	37
P06737_24_832_3ceh_pdb_THR_PLP_2.dlg	-11.66	71	-11.38	47	-3.62	71	-3.83	47	-5.13	19	-3.72	-5.73	12	3	22
P34897_17_504_3ou5_pdb_THR_PLP_2.dlg	-8.47	63	-8.47	63	-3.64	63	-3.64	63	-3.64	63	-3.4	-4.15	4	1	17
Q96I15_8_445_3gzc_pdb_THR_PLP_1.dlg	-11.5	30	-11.5	30	-5.38	30	-5.38	30	-6.38	79	-4.98	-6.38	79	1	55
Q16773_1_422_3fvs_pdb_THR_PLP_1.dlg	-12.98	5	-12.98	5	-4.49	5	-4.49	5	-6.26	23	-5.25	-6.31	43	1	29
O95470_62_568_4q6r_pdb_THR_PLP_2.dlg	-13.83	56	-13.83	56	-5.29	56	-5.29	56	-5.9	55	-5.18	-6.61	84	1	43
P32929_1_405_3elp_pdb_THR_PLP_3.dlg	-11.17	60	-10.84	25	-4.72	60	-3.79	25	-5.16	8	-3.94	-5.91	88	3	22
P17735_41_444_3dyd_pdb_THR_PLP_1.dlg	-11.2	29	-11.2	29	-5.66	29	-5.66	29	-5.87	68	-5.26	-5.87	68	1	64
P22557_194_547_1fc4.1.A_swissmodel_THR_PLP_1.dlg	-14.4	31	-14.4	31	-5.88	31	-5.88	31	-6.15	78	-5.51	-6.15	78	1	97
Q16773_1_422_3fvx_pdb_THR_PLP_1.dlg	-12.29	16	-12.29	16	-5.76	16	-5.76	16	-6.0	70	-4.87	-6.11	41	1	37
O15382_28_392_1kta_pdb_THR_PLP_2.dlg	-14.38	12	-14.38	12	-4.76	12	-4.76	12	-5.96	69	-4.86	-5.96	69	1	99
P19113_2_477_4e1o.1.A_swissmodel_THR_PLP_2.dlg	-12.86	54	-12.86	54	-4.6	54	-4.6	54	-5.39	76	-4.56	-6.52	1	1	92
Q8TBG4_7_438_4ysn.1.A_swissmodel_THR_PLP_3.dlg	-9.16	92	-9.16	92	-3.81	92	-3.81	92	-4.02	60	-2.81	-6.33	4	1	35
P17174_2_413_3wzf.1.A_swissmodel_THR_PLP_1.dlg	-12.56	99	-11.98	78	-7.17	99	-4.11	78	-4.7	19	-3.04	-7.34	14	2	27
P21549_1_388_2yob_pdb_THR_PLP_2.dlg	-12.45	40	-12.45	40	-4.9	40	-4.9	40	-5.78	78	-4.69	-6.77	72	1	34
P32929_1_402_2nmp_pdb_THR_PLP_2.dlg	-9.69	13	-9.19	47	-2.68	13	-3.04	47	-3.07	95	-2.55	-4.3	82	4	22
O15382_28_392_5i5x_pdb_THR_PLP_2.dlg	-15.06	98	-15.06	98	-4.71	98	-4.71	98	-5.62	21	-4.84	-7.34	44	1	76
Q8NHS2_5_399_3wzf.1.A_swissmodel_THR_PLP_2.dlg	-9.99	68	-9.99	68	-3.46	68	-3.46	68	-4.57	11	-2.94	-5.61	40	1	29
Q96I15_8_445_3gzc_pdb_THR_PLP_2.dlg	-9.66	50	-9.66	50	-4.65	50	-4.65	50	-5.38	89	-4.31	-5.38	89	1	24
Q96QU6_55_475_1m7y.1.A_swissmodel_THR_PLP_1.dlg	-12.24	91	-10.84	62	-5.51	91	-5.58	62	-5.58	62	-4.97	-6.67	57	2	21
P04181_1_439_1oat_pdb_THR_PLP_1.dlg	-9.41	84	-9.19	5	-4.4	84	-3.78	5	-3.83	89	-3.52	-4.71	95	2	43
P04181_38_439_1gbn_pdb_THR_PLP_4.dlg	-10.39	100	-9.16	85	-4.4	100	-3.21	85	-4.4	13	-3.13	-5.53	94	4	28
P06737_2_847_1fc0_pdb_THR_PLP_2.dlg	-12.78	37	-12.78	37	-5.25	37	-5.25	37	-6.27	87	-4.65	-6.55	56	1	53
Q6ZQY3_35_521_2jis.1.A_swissmodel_THR_PLP_1.dlg	-11.61	44	-9.76	1	-4.79	44	-4.45	1	-5.49	29	-4.45	-5.94	73	8	25
O14977_2_437_4zgz_pdb_THR_PLP_1.dlg	-6.49	67	-5.54	86	-3.76	67	-1.55	86	-2.31	32	-1.61	-3.91	14	11	19
P11926_7_427_1d7k.1.A_swissmodel_THR_PLP_1.dlg	-10.21	66	-9.39	22	-3.78	66	-2.66	22	-4.54	56	-3.08	-5.65	72	3	29
P54687_21_386_2abj.1.A_swissmodel_THR_PLP_1.dlg	-11.34	83	-11.16	60	-6.47	83	-4.27	60	-4.57	65	-3.77	-6.47	83	2	29
P34897_22_504_4pvf_pdb_THR_PLP_2.dlg	-10.58	61	-9.76	19	-4.96	61	-4.89	19	-5.59	28	-4.23	-5.59	28	4	36
Q9GZT4_1_340_3l6b_pdb_THR_PLP_1.dlg	-13.62	38	-12.6	11	-4.78	38	-4.72	11	-5.46	20	-4.7	-7.43	66	4	35
P21549_1_392_4i8a_pdb_THR_PLP_1.dlg	-9.34	83	-9.34	83	-3.66	83	-3.66	83	-4.6	77	-3.54	-4.95	100	1	37
P34897_43_504_4pvf.1.A_swissmodel_THR_PLP_3.dlg	-8.93	56	-8.81	85	-5.73	56	-2.35	85	-3.58	58	-2.55	-5.73	56	2	31
P04181_1_439_2oat_pdb_THR_PLP_2.dlg	-11.43	58	-11.43	58	-4.91	58	-4.91	58	-5.2	57	-4.6	-5.37	12	1	29
P13196_199_595_2bwp.1.A_swissmodel_THR_PLP_2.dlg	-10.04	1	-9.62	39	-4.15	1	-4.01	39	-4.55	96	-3.65	-4.71	24	2	35
Q05329_88_584_2okk.1.A_swissmodel_THR_PLP_2.dlg	-11.83	18	-11.83	18	-3.83	18	-3.83	18	-3.99	58	-3.37	-6.16	87	1	30
Q16719_6_460_2hzp.1.A_swissmodel_THR_PLP_1.dlg	-8.54	23	-8.15	92	-1.65	23	-3.49	92	-3.76	84	-2.91	-4.86	14	3	34
Q16773_1_422_4wlj_pdb_THR_PLP_2.dlg	-14.31	72	-14.31	72	-4.56	72	-4.56	72	-5.6	18	-4.7	-6.38	6	1	95
Q8N5Z0_1_425_5efs_pdb_THR_PLP_2.dlg	-14.55	57	-14.55	57	-3.69	57	-3.69	57	-4.93	5	-4.12	-6.04	60	1	95
O15382_28_392_5i5v_pdb_THR_PLP_2.dlg	-14.01	11	-11.44	32	-4.65	11	-2.59	32	-4.51	51	-2.85	-7.92	63	7	24
P0DN79_43_545_4pcu.1.A_swissmodel_THR_PLP_2.dlg	-10.24	9	-10.24	9	-2.92	9	-2.92	9	-3.09	48	-2.77	-4.85	56	1	74
O15382_28_392_5bwx_pdb_THR_PLP_1.dlg	-14.83	96	-14.83	96	-5.24	96	-5.24	96	-6.21	71	-4.84	-7.79	42	1	59
P32929_1_402_2nmp_pdb_THR_PLP_1.dlg	-12.41	65	-12.41	65	-3.84	65	-3.84	65	-5.27	37	-3.95	-5.39	73	1	85
Q9Y697_56_457_5usr.1.A_swissmodel_THR_PLP_1.dlg	-9.71	73	-9.71	73	-4.62	73	-4.62	73	-4.99	94	-4.55	-5.14	17	1	56
Q9HD40_1_501_4zdp_pdb_THR_PLP_1.dlg	-12.55	94	-12.55	94	-4.28	94	-4.28	94	-5.0	81	-4.23	-6.57	68	1	34
Q05329_88_584_2okk_pdb_THR_PLP_2.dlg	-11.75	47	-11.75	47	-3.5	47	-3.5	47	-4.15	18	-3.06	-5.97	88	1	58
O15382_28_392_5bww_pdb_THR_PLP_1.dlg	-14.78	90	-14.78	90	-5.26	90	-5.26	90	-5.65	71	-4.7	-8.0	89	1	55
P17735_51_442_4ge9.1.A_swissmodel_THR_PLP_1.dlg	-10.6	21	-10.6	21	-4.09	21	-4.09	21	-5.04	18	-3.88	-6.35	11	1	47
Q16773_1_422_1w7n_pdb_THR_PLP_1.dlg	-16.33	36	-16.33	36	-5.86	36	-5.86	36	-5.97	76	-4.7	-7.01	26	1	92
P32929_1_405_3elp_pdb_THR_PLP_1.dlg	-11.1	96	-10.47	21	-4.66	96	-4.54	21	-5.04	67	-4.31	-5.76	64	5	13
Q99259_93_594_2okj_pdb_THR_PLP_2.dlg	-12.46	80	-11.98	25	-3.98	80	-5.46	25	-6.09	78	-5.22	-6.71	65	2	37
Q8TD30_49_523_3ihj_pdb_THR_PLP_2.dlg	-11.38	83	-11.38	83	-6.26	83	-6.26	83	-6.8	93	-5.71	-6.8	93	1	43
Q96GA7_11_328_2rkb.1.A_swissmodel_THR_PLP_1.dlg	-11.82	55	-10.1	86	-4.76	55	-3.65	86	-5.56	57	-3.84	-6.17	52	5	19
Q8N5Z0_1_425_4gdy_pdb_THR_PLP_1.dlg	-14.01	40	-14.01	40	-3.98	40	-3.98	40	-5.71	21	-4.0	-6.67	38	1	86
P22557_151_541_2bwp.1.A_swissmodel_THR_PLP_2.dlg	-11.75	40	-11.75	40	-3.8	40	-3.8	40	-4.34	8	-3.72	-4.8	73	1	28
P34897_43_504_4pvf.1.A_swissmodel_THR_PLP_2.dlg	-9.21	91	-9.02	17	-2.84	91	-3.87	17	-4.67	67	-3.81	-5.39	15	2	48
O15270_177_540_2bwp.1.A_swissmodel_THR_PLP_2.dlg	-8.38	41	-8.38	41	-3.48	41	-3.48	41	-4.3	72	-3.63	-5.4	48	1	38
Q9HD40_19_462_4zdl.1.A_swissmodel_THR_PLP_1.dlg	-15.64	86	-15.64	86	-5.95	86	-5.95	86	-6.58	15	-5.45	-7.37	47	1	41
O15382_28_392_2hgw_pdb_THR_PLP_2.dlg	-14.71	4	-14.71	4	-5.54	4	-5.54	4	-5.76	41	-4.82	-7.74	98	1	44
P32929_1_402_3cog_pdb_THR_PLP_2.dlg	-8.68	22	-8.68	22	-3.8	22	-3.8	22	-4.52	28	-3.7	-5.3	54	1	19
Q9HD40_1_501_4zdp_pdb_THR_PLP_2.dlg	-14.43	88	-14.43	88	-5.76	88	-5.76	88	-6.09	28	-4.68	-7.38	23	1	40
P54687_21_386_2abj_pdb_THR_PLP_1.dlg	-12.67	48	-12.67	48	-4.65	48	-4.65	48	-5.37	100	-4.27	-7.62	23	1	75
P13196_189_573_3hqt.1.A_swissmodel_THR_PLP_1.dlg	-10.77	51	-9.78	96	-6.09	51	-4.94	96	-6.45	1	-4.97	-6.45	1	5	20
O15382_28_392_2hgx_pdb_THR_PLP_1.dlg	-14.59	57	-14.59	57	-5.32	57	-5.32	57	-6.05	55	-4.78	-7.98	25	1	48
P34897_17_504_3ou5_pdb_THR_PLP_1.dlg	-8.32	64	-8.07	1	-3.3	64	-3.45	1	-3.96	11	-3.31	-4.45	94	6	15
Q8N5Z0_1_425_4gdy_pdb_THR_PLP_2.dlg	-13.8	95	-13.8	95	-3.89	95	-3.89	95	-5.63	15	-4.29	-6.18	28	1	88
P20132_1_328_1p5j_pdb_THR_PLP_1.dlg	-14.68	27	-14.68	27	-5.41	27	-5.41	27	-5.66	51	-4.83	-6.2	38	1	57
P06737_24_832_3cej_pdb_THR_PLP_2.dlg	-13.13	35	-11.51	48	-4.16	35	-5.5	48	-6.49	69	-4.92	-6.66	67	4	29
P0DN79_41_550_4l3v.1.A_swissmodel_THR_PLP_2.dlg	-9.93	58	-9.93	58	-3.35	58	-3.35	58	-5.23	49	-3.41	-5.23	49	1	56
O15270_177_540_2bwp.1.A_swissmodel_THR_PLP_1.dlg	-8.57	81	-8.57	81	-3.23	81	-3.23	81	-5.02	33	-3.77	-6.22	53	1	33
Q9Y697_67_457_5kz5_pdb_THR_PLP_3.dlg
P06737_1_847_2zb2_pdb_THR_PLP_2.dlg	-12.06	14	-12.06	14	-3.68	14	-3.68	14	-5.51	53	-4.1	-5.86	82	1	51
Q9Y617_17_370_3e77_pdb_THR_PLP_2.dlg	-12.36	95	-10.89	43	-5.47	95	-2.84	43	-3.89	70	-2.88	-6.61	38	6	20
P04181_38_439_2can_pdb_THR_PLP_2.dlg	-11.16	13	-9.44	67	-5.27	13	-2.29	67	-4.87	29	-3.64	-5.96	77	3	27
P34897_43_504_4pvf.1.A_swissmodel_THR_PLP_1.dlg	-10.12	81	-10.12	81	-2.87	81	-2.87	81	-4.18	17	-2.96	-5.4	68	1	64
P20711_1_480_3rbl_pdb_THR_PLP_1.dlg	-10.23	63	-10.22	20	-4.22	63	-4.98	20	-5.23	3	-4.68	-5.48	44	2	19
P32929_1_402_2nmp_pdb_THR_PLP_3.dlg	-11.75	71	-11.75	71	-3.01	71	-3.01	71	-5.27	55	-3.65	-5.27	55	1	58
Q9HD40_19_462_4zdl.1.A_swissmodel_THR_PLP_2.dlg	-15.67	40	-15.33	31	-5.79	40	-5.02	31	-5.73	89	-5.11	-7.06	54	2	24
Q9HD40_1_501_4zdo_pdb_THR_PLP_1.dlg	-12.01	15	-12.01	15	-3.97	15	-3.97	15	-5.0	37	-4.19	-6.22	98	1	14
P17174_14_412_3ii0_pdb_THR_PLP_2.dlg	-17.36	38	-17.36	38	-6.57	38	-6.57	38	-7.31	60	-6.33	-7.31	60	1	95
Q9Y600_1_493_2jis_pdb_THR_PLP_2.dlg	-11.1	68	-10.9	37	-4.68	68	-6.08	37	-6.14	64	-4.52	-6.14	64	2	57
P34896_8_483_1eji.1.D_swissmodel_THR_PLP_2.dlg	-9.38	97	-8.36	68	-5.65	97	-5.39	68	-5.41	80	-4.14	-5.65	97	6	17
Q9HD40_19_462_4zdl.1.A_swissmodel_THR_PLP_4.dlg	-15.59	1	-15.59	1	-5.68	1	-5.68	1	-5.72	23	-5.39	-6.71	86	1	23
P06737_2_847_3dds_pdb_THR_PLP_1.dlg	-12.03	28	-11.08	84	-3.54	28	-5.56	84	-6.22	86	-4.77	-6.22	86	3	19
Q6ZQY3_35_520_5hsj.1.A_swissmodel_THR_PLP_2.dlg	-10.0	63	-9.63	74	-3.34	63	-4.23	74	-4.43	39	-3.83	-4.57	9	5	35
P32929_10_399_3cog.1.A_swissmodel_THR_PLP_2.dlg	-8.87	71	-8.62	17	-5.37	71	-2.09	17	-3.59	23	-2.3	-5.84	8	3	16
O15382_28_392_5hne_pdb_THR_PLP_1.dlg	-13.9	76	-13.9	76	-4.72	76	-4.72	76	-5.18	33	-4.33	-7.77	68	1	37
P34896_8_483_1eji.1.D_swissmodel_THR_PLP_1.dlg	-10.24	8	-9.74	95	-5.56	8	-5.82	95	-5.82	95	-4.84	-5.82	95	2	56
P06737_24_832_3cem_pdb_THR_PLP_2.dlg	-12.89	54	-11.9	48	-4.79	54	-5.04	48	-5.11	7	-4.04	-6.13	3	2	28
O15382_28_392_2hdk_pdb_THR_PLP_1.dlg	-13.94	29	-13.94	29	-4.36	29	-4.36	29	-4.72	93	-4.1	-7.62	42	1	61
Q16719_6_460_2hzp.1.A_swissmodel_THR_PLP_2.dlg	-7.74	100	-7.55	73	-4.11	100	-1.86	73	-2.83	17	-1.38	-4.52	66	3	41
P0DN79_43_545_4pcu.1.A_swissmodel_THR_PLP_1.dlg	-11.68	40	-10.02	71	-4.47	40	-2.61	71	-3.38	34	-2.06	-5.06	70	2	41
O15270_112_537_4bmk.1.A_swissmodel_THR_PLP_1.dlg	-12.26	20	-12.26	20	-4.62	20	-4.62	20	-5.5	13	-4.26	-5.5	13	1	74
P04181_1_439_1oat_pdb_THR_PLP_2.dlg	-9.59	96	-9.59	96	-3.89	96	-3.89	96	-4.28	15	-3.5	-4.99	43	1	24
Q8N5Z0_1_425_2r2n_pdb_THR_PLP_1.dlg	-16.02	49	-16.02	49	-4.46	49	-4.46	49	-5.35	94	-4.27	-7.44	54	1	60
Q8NHS2_5_399_3wzf.1.A_swissmodel_THR_PLP_1.dlg	-11.45	24	-10.39	66	-6.78	24	-3.41	66	-4.72	69	-3.03	-7.09	51	2	31
Q9Y697_67_457_5kz5_pdb_THR_PLP_4.dlg
O95470_111_553_4q6r.1.A_swissmodel_THR_PLP_2.dlg	-12.67	43	-12.67	43	-5.16	43	-5.16	43	-5.84	49	-5.07	-6.15	48	1	37
P17174_14_412_3ii0_pdb_THR_PLP_1.dlg	-17.62	48	-17.62	48	-7.07	48	-7.07	48	-7.09	28	-6.26	-7.09	28	1	98
P11926_1_461_2oo0_pdb_THR_PLP_2.dlg	-9.79	42	-9.72	10	-3.43	42	-4.72	10	-5.62	56	-4.92	-5.62	56	2	33
Q6YP21_41_450_3e2y.1.A_swissmodel_THR_PLP_1.dlg	-17.29	77	-17.29	77	-5.8	77	-5.8	77	-6.85	44	-5.8	-7.3	71	1	55
Q16773_1_422_3fvs_pdb_THR_PLP_2.dlg	-13.03	8	-13.03	8	-4.4	8	-4.4	8	-6.14	18	-5.02	-6.69	24	1	27
P21549_1_392_4kyo_pdb_THR_PLP_2.dlg	-9.79	56	-9.79	56	-3.6	56	-3.6	56	-4.87	8	-3.61	-5.72	72	1	22
P06737_2_847_3ddw_pdb_THR_PLP_1.dlg	-12.28	77	-11.28	7	-3.3	77	-4.74	7	-4.98	95	-4.52	-6.32	48	6	22
P06737_1_847_1l7x_pdb_THR_PLP_1.dlg	-12.6	37	-12.6	37	-4.7	37	-4.7	37	-5.24	22	-4.15	-6.12	80	1	28
O15382_28_392_5bwv_pdb_THR_PLP_2.dlg	-14.72	22	-14.72	22	-5.49	22	-5.49	22	-6.39	33	-5.13	-7.68	23	1	50
O75600_74_419_2x8u.1.A_swissmodel_THR_PLP_1.dlg	-10.01	13	-10.01	13	-2.52	13	-2.52	13	-3.73	10	-2.9	-4.94	90	1	78
Q8IUZ5_10_438_5g4i.1.A_swissmodel_THR_PLP_2.dlg	-13.13	33	-12.42	41	-5.59	33	-4.14	41	-5.33	2	-4.24	-5.69	63	2	62
Q9Y697_67_457_5kz5_pdb_THR_PLP_11.dlg
P11926_7_427_1d7k_pdb_THR_PLP_2.dlg	-11.6	39	-11.6	39	-3.51	39	-3.51	39	-4.39	96	-3.3	-6.77	57	1	30
P11216_1_843_5iko_pdb_THR_PLP_2.dlg	-12.51	30	-11.94	44	-4.07	30	-5.06	44	-5.46	55	-4.88	-5.46	55	3	34
Q9Y600_7_493_2jis.1.A_swissmodel_THR_PLP_2.dlg	-11.01	74	-10.88	60	-5.16	74	-4.0	60	-5.9	48	-4.24	-5.9	48	2	55
P19113_2_477_4e1o.1.A_swissmodel_THR_PLP_1.dlg	-12.94	36	-12.94	36	-4.66	36	-4.66	36	-5.32	59	-4.65	-6.45	37	1	94
P21549_1_392_3r9a_pdb_THR_PLP_2.dlg	-9.64	29	-9.55	94	-5.99	29	-3.79	94	-4.91	63	-4.05	-6.36	65	2	44
O15382_28_392_5bwt_pdb_THR_PLP_1.dlg	-14.3	3	-14.3	3	-7.08	3	-7.08	3	-7.67	54	-6.51	-7.67	54	1	37
Q96I15_8_445_3gzd_pdb_THR_PLP_2.dlg	-11.14	37	-11.14	37	-4.91	37	-4.91	37	-5.53	28	-4.82	-5.53	28	1	45
Q16773_1_422_4wlh_pdb_THR_PLP_2.dlg	-12.87	96	-12.87	96	-3.77	96	-3.77	96	-5.47	49	-4.34	-5.56	83	1	31
P06737_24_832_3cem_pdb_THR_PLP_1.dlg	-12.84	45	-12.84	45	-4.85	45	-4.85	45	-5.53	53	-4.32	-5.98	77	1	30
P20132_4_322_1p5j.1.A_swissmodel_THR_PLP_1.dlg	-14.25	55	-14.25	55	-5.45	55	-5.45	55	-5.71	58	-4.87	-6.03	13	1	32
Q05329_88_584_2okk_pdb_THR_PLP_1.dlg	-11.78	49	-11.78	49	-3.55	49	-3.55	49	-4.31	98	-3.04	-5.96	57	1	49
Q9NUV7_105_529_4bmk.1.A_swissmodel_THR_PLP_2.dlg	-14.01	77	-14.01	77	-5.42	77	-5.42	77	-5.43	42	-4.38	-5.57	8	1	50
P32929_1_402_3cog_pdb_THR_PLP_1.dlg	-12.11	13	-12.11	13	-3.9	13	-3.9	13	-5.42	84	-3.98	-6.11	32	1	78
O15382_28_392_2hg8_pdb_THR_PLP_2.dlg	-14.24	56	-13.61	90	-5.07	56	-4.73	90	-4.73	90	-3.93	-7.67	71	2	53
O15382_28_392_1kt8_pdb_THR_PLP_2.dlg	-14.4	19	-14.4	19	-4.64	19	-4.64	19	-6.18	59	-4.84	-6.18	59	1	91
Q8N5Z0_1_425_5tf5_pdb_THR_PLP_2.dlg	-13.59	6	-13.59	6	-3.51	6	-3.51	6	-5.72	95	-4.77	-5.72	95	1	97
P17174_2_413_3wzf_pdb_THR_PLP_1.dlg	-12.33	59	-12.33	59	-3.9	59	-3.9	59	-4.76	48	-2.93	-8.17	42	1	25
O75600_24_417_2jg2.1.A_swissmodel_THR_PLP_2.dlg	-9.9	31	-9.7	82	-5.05	31	-2.86	82	-3.07	2	-2.81	-5.05	31	2	65
P21549_1_392_4cbr_pdb_THR_PLP_2.dlg	-12.6	22	-12.6	22	-4.39	22	-4.39	22	-5.95	84	-4.48	-6.96	89	1	53
O15382_28_392_2hg8_pdb_THR_PLP_1.dlg	-15.37	90	-15.37	90	-5.44	90	-5.44	90	-6.05	57	-4.63	-7.37	46	1	82
O75600_24_417_2jg2.1.A_swissmodel_THR_PLP_1.dlg	-10.35	61	-9.53	95	-4.8	61	-3.2	95	-4.2	66	-2.72	-5.55	29	2	32
Q9Y697_67_457_5kz5_pdb_THR_PLP_9.dlg
Q6ZQY3_35_521_2jis.1.A_swissmodel_THR_PLP_2.dlg	-12.07	81	-12.07	81	-4.88	81	-4.88	81	-5.7	60	-4.71	-5.94	4	1	38
P23378_53_1006_4lgl.1.A_swissmodel_THR_PLP_1.dlg	-7.94	61	-7.94	61	-2.73	61	-2.73	61	-4.5	20	-3.23	-4.69	94	1	19
P34897_43_504_4pvf.1.A_swissmodel_THR_PLP_4.dlg	-9.53	16	-9.53	16	-3.2	16	-3.2	16	-3.48	94	-2.63	-5.24	51	1	38
Q8N5Z0_1_425_2xh1_pdb_THR_PLP_2.dlg	-14.25	34	-14.25	34	-4.33	34	-4.33	34	-5.09	24	-4.21	-6.75	19	1	78
P54687_1_386_2coi_pdb_THR_PLP_2.dlg	-13.08	51	-13.08	51	-4.12	51	-4.12	51	-5.08	21	-4.06	-7.01	6	1	89
O15382_28_392_5i5u_pdb_THR_PLP_2.dlg	-14.51	81	-13.66	68	-5.4	81	-4.27	68	-5.37	30	-4.04	-7.65	54	3	50
Q8N5Z0_1_425_4ge9_pdb_THR_PLP_1.dlg	-14.07	88	-14.07	88	-4.9	88	-4.9	88	-5.65	48	-4.8	-7.19	63	1	25
