GLU	Best Cluster (kcal/mol)	Run	Largest Cluster (kcal/mol)	Run	Best Cluster Res (kcal/mol)	Run	Largest Cluster Res (kcal/mol)	Run	Largest Cluster Res Best (kcal/mol)	Run	Largest Cluster Res Mean (kcal/mol)	bestbest (kcal/mol)	Run	Largest Cluster	Num in Largest Cluster
O15382_28_392_1ekp_pdb_GLU_PLP_2.dlg	-13.68	32	-13.68	32	-5.52	32	-5.52	32	-6.8	97	-6.06	-9.72	53	1	57
P21549_1_392_4cbs_pdb_GLU_PLP_1.dlg	-13.5	43	-13.5	43	-7.71	43	-7.71	43	-8.32	23	-6.81	-8.32	23	1	58
P04181_36_439_2byj.1.A_swissmodel_GLU_PLP_1.dlg	-10.86	89	-9.43	51	-5.95	89	-6.34	51	-6.42	81	-5.98	-6.42	81	4	35
P21549_1_392_4i8a_pdb_GLU_PLP_2.dlg	-8.28	87	-8.28	87	-3.33	87	-3.33	87	-4.69	12	-3.27	-6.55	47	1	41
Q9Y600_1_493_2jis_pdb_GLU_PLP_1.dlg	-11.88	17	-10.55	98	-7.0	17	-4.35	98	-5.65	3	-4.72	-7.16	76	3	16
Q99259_93_593_2okj.1.A_swissmodel_GLU_PLP_1.dlg	-10.93	55	-9.28	57	-5.95	55	-6.21	57	-6.22	10	-5.48	-6.78	8	4	53
Q9HD40_1_501_4zdo_pdb_GLU_PLP_4.dlg	-12.85	57	-12.85	57	-8.8	57	-8.8	57	-8.89	45	-8.04	-8.9	22	1	45
P34897_22_504_4pvf_pdb_GLU_PLP_3.dlg	-11.67	63	-11.67	63	-7.24	63	-7.24	63	-7.31	57	-6.1	-7.97	39	1	29
Q16773_1_422_4wlh_pdb_GLU_PLP_2.dlg	-12.16	20	-7.61	87	-5.2	20	-5.87	87	-6.11	67	-5.47	-6.66	34	4	39
Q05329_88_584_2okk_pdb_GLU_PLP_2.dlg	-12.8	64	-12.8	64	-5.57	64	-5.57	64	-5.57	64	-4.9	-7.72	93	1	34
Q99259_93_594_2okj_pdb_GLU_PLP_1.dlg	-12.2	19	-11.73	81	-5.58	19	-7.18	81	-8.2	40	-7.31	-8.27	71	3	59
P20132_1_328_4h27_pdb_GLU_PLP_1.dlg	-10.4	100	-10.19	32	-4.8	100	-7.14	32	-7.72	45	-6.24	-7.78	54	2	22
Q16719_6_460_2hzp.1.A_swissmodel_GLU_PLP_2.dlg	-7.17	32	-4.58	35	-3.33	32	-4.06	35	-4.11	29	-3.7	-6.51	12	3	17
P34896_8_483_1eji.1.D_swissmodel_GLU_PLP_3.dlg	-9.01	97	-9.01	97	-5.41	97	-5.41	97	-5.51	56	-5.01	-5.63	79	1	32
P06737_2_847_2ati_pdb_GLU_PLP_1.dlg	-12.3	34	-12.3	34	-6.59	34	-6.59	34	-7.41	100	-6.06	-7.41	100	1	61
P11216_1_843_5iko_pdb_GLU_PLP_3.dlg	-11.96	53	-11.96	53	-6.8	53	-6.8	53	-6.97	59	-6.37	-6.97	59	1	59
Q96EN8_35_495_5j8q.1.A_swissmodel_GLU_PLP_1.dlg	-8.75	96	-7.66	14	-5.31	96	-4.68	14	-4.68	14	-3.66	-5.67	61	4	29
P20711_1_480_3rbl_pdb_GLU_PLP_1.dlg	-10.15	27	-9.62	91	-5.75	27	-4.85	91	-5.72	72	-4.8	-6.8	95	4	16
P54687_1_386_2cog_pdb_GLU_PLP_1.dlg	-12.11	48	-12.11	48	-5.18	48	-5.18	48	-5.88	93	-5.17	-8.13	44	1	94
O15382_28_392_1ekv_pdb_GLU_PLP_1.dlg	-14.17	40	-13.85	64	-8.79	40	-7.36	64	-7.36	64	-6.27	-8.81	60	2	66
P34896_8_483_1eji.1.D_swissmodel_GLU_PLP_1.dlg	-9.6	43	-9.6	43	-6.0	43	-6.0	43	-6.15	66	-5.54	-6.23	45	1	49
Q9HD40_19_462_4zdl.1.A_swissmodel_GLU_PLP_4.dlg	-16.82	93	-16.69	46	-8.86	93	-10.3	46	-10.5	21	-9.89	-10.5	21	2	37
Q16773_1_422_4wlj_pdb_GLU_PLP_1.dlg	-13.92	93	-13.92	93	-6.31	93	-6.31	93	-6.49	52	-5.67	-7.32	66	1	68
P06737_1_847_1em6_pdb_GLU_PLP_2.dlg	-12.59	23	-11.7	13	-6.25	23	-8.33	13	-8.51	33	-6.35	-8.51	33	3	28
Q8N5Z0_1_425_5efs_pdb_GLU_PLP_1.dlg	-14.82	97	-14.82	97	-6.21	97	-6.21	97	-7.07	42	-5.83	-7.07	42	1	97
P54687_1_386_2coj_pdb_GLU_PLP_1.dlg	-12.21	32	-12.21	32	-4.86	32	-4.86	32	-5.51	65	-4.88	-7.9	8	1	95
Q05329_168_585_4obv.1.A_swissmodel_GLU_PLP_1.dlg	-10.19	97	-10.19	97	-4.83	97	-4.83	97	-5.83	42	-4.36	-6.65	39	1	20
P54687_21_386_2abj_pdb_GLU_PLP_2.dlg	-12.22	9	-12.22	9	-5.13	9	-5.13	9	-6.1	54	-5.13	-7.83	76	1	56
Q16773_1_422_3fvx_pdb_GLU_PLP_1.dlg	-12.23	87	-8.77	26	-6.12	87	-5.68	26	-7.08	15	-6.14	-7.54	3	4	39
O15382_28_392_5i60_pdb_GLU_PLP_2.dlg	-13.8	94	-11.33	76	-5.94	94	-5.59	76	-5.71	25	-5.01	-9.2	80	6	28
Q8N5Z0_1_425_3ue8_pdb_GLU_PLP_2.dlg	-11.76	60	-11.76	60	-6.6	60	-6.6	60	-6.6	60	-5.33	-8.05	19	1	57
O15382_28_392_5i5w_pdb_GLU_PLP_2.dlg	-14.38	74	-14.38	74	-6.73	74	-6.73	74	-6.93	30	-6.35	-8.82	79	1	45
P20711_1_480_3rch_pdb_GLU_PLP_1.dlg	-5.99	30	-5.15	80	-5.08	30	-4.84	80	-5.05	74	-4.71	-6.01	21	12	12
Q9BYV1_65_508_5g4i.1.A_swissmodel_GLU_PLP_1.dlg	-8.0	9	-7.68	52	-4.07	9	-4.58	52	-4.81	35	-4.19	-4.81	35	3	54
Q9Y697_67_457_5kz5_pdb_GLU_PLP_10.dlg
Q16773_1_422_1w7l_pdb_GLU_PLP_1.dlg	-11.47	62	-9.04	19	-5.78	62	-6.93	19	-6.97	58	-6.37	-7.21	77	3	62
P19113_2_477_4e1o.1.A_swissmodel_GLU_PLP_1.dlg	-11.99	70	-11.99	70	-5.8	70	-5.8	70	-6.22	53	-5.63	-6.3	59	1	96
Q16773_1_422_3fvu_pdb_GLU_PLP_2.dlg	-13.57	77	-12.22	23	-6.86	77	-7.16	23	-7.44	41	-6.02	-8.14	96	3	44
O75600_24_417_2jg2.1.A_swissmodel_GLU_PLP_1.dlg	-9.31	4	-8.43	21	-6.28	4	-6.75	21	-6.75	21	-6.28	-6.99	41	3	28
O15382_28_392_1ekp_pdb_GLU_PLP_1.dlg	-14.22	20	-14.22	20	-7.33	20	-7.33	20	-7.62	87	-6.78	-9.33	52	1	54
O14977_2_437_4zgz_pdb_GLU_PLP_1.dlg	-4.7	30	-2.35	54	-2.59	30	-1.17	54	-1.69	55	-1.26	-5.3	81	22	11
Q16773_1_422_4wlh_pdb_GLU_PLP_1.dlg	-11.94	21	-11.94	21	-5.8	21	-5.8	21	-6.22	49	-5.27	-6.3	20	1	56
P13196_199_595_2bwp.1.A_swissmodel_GLU_PLP_1.dlg	-8.48	63	-8.19	53	-5.36	63	-5.72	53	-5.72	53	-4.82	-6.22	44	2	57
P11926_1_461_5bwa_pdb_GLU_PLP_1.dlg	-11.38	89	-10.65	35	-7.73	89	-5.24	35	-5.41	43	-4.66	-8.01	59	3	28
P06737_1_847_1l5r_pdb_GLU_PLP_3.dlg	-12.38	26	-12.38	26	-6.27	26	-6.27	26	-6.37	81	-5.76	-7.57	57	1	45
P20711_1_480_3rch_pdb_GLU_PLP_2.dlg	-10.98	51	-10.98	51	-5.87	51	-5.87	51	-6.89	92	-5.8	-7.59	56	1	25
P11216_22_840_5iko.1.A_swissmodel_GLU_PLP_4.dlg	-11.82	14	-11.59	77	-5.65	14	-6.4	77	-6.4	77	-5.79	-6.4	77	2	71
O15382_28_392_5bwx_pdb_GLU_PLP_2.dlg	-14.9	81	-14.9	81	-6.8	81	-6.8	81	-7.72	29	-6.88	-8.85	35	1	51
Q16773_4_422_4wp0.1.A_swissmodel_GLU_PLP_1.dlg	-12.85	20	-12.85	20	-5.63	20	-5.63	20	-6.62	64	-5.18	-7.38	95	1	82
O15382_28_392_5bww_pdb_GLU_PLP_2.dlg	-14.91	5	-14.91	5	-6.69	5	-6.69	5	-7.71	63	-6.98	-9.17	81	1	37
Q8N5Z0_2_425_2vgz_pdb_GLU_PLP_2.dlg	-14.71	57	-14.71	57	-6.51	57	-6.51	57	-6.66	87	-5.4	-8.56	93	1	85
Q9Y600_7_493_2jis.1.A_swissmodel_GLU_PLP_2.dlg	-9.64	84	-9.56	20	-4.1	84	-5.82	20	-6.25	43	-5.33	-6.3	81	2	53
P54687_1_386_2coi_pdb_GLU_PLP_1.dlg	-12.06	27	-12.06	27	-4.43	27	-4.43	27	-5.23	68	-4.67	-6.46	9	1	96
Q8N5Z0_1_425_5efs_pdb_GLU_PLP_2.dlg	-14.5	94	-14.5	94	-6.59	94	-6.59	94	-6.99	47	-5.68	-6.99	47	1	96
P20711_1_383_1js6.1.A_swissmodel_GLU_PLP_2.dlg	-9.05	12	-9.05	12	-4.94	12	-4.94	12	-5.51	67	-4.76	-5.51	67	1	30
Q9HD40_1_501_4zdl_pdb_GLU_PLP_3.dlg	-15.45	40	-13.08	78	-7.29	40	-9.33	78	-9.34	87	-8.59	-9.34	87	2	19
Q9HD40_19_462_4zdl.1.A_swissmodel_GLU_PLP_1.dlg	-17.24	2	-15.77	80	-8.51	2	-7.07	80	-9.1	94	-7.54	-10.44	72	2	23
P06737_2_847_2ati_pdb_GLU_PLP_2.dlg	-11.9	11	-11.62	38	-5.57	11	-7.39	38	-8.38	36	-6.63	-8.38	36	3	33
O15382_28_392_2a1h_pdb_GLU_PLP_1.dlg	-14.46	79	-14.46	79	-6.02	79	-6.02	79	-6.59	52	-5.77	-8.23	11	1	65
P04181_1_439_2byj_pdb_GLU_PLP_2.dlg	-10.63	66	-8.25	62	-6.01	66	-5.82	62	-6.14	36	-5.63	-6.14	36	7	25
Q8TD30_49_523_3ihj_pdb_GLU_PLP_2.dlg	-11.42	62	-11.42	62	-7.15	62	-7.15	62	-7.36	35	-6.55	-7.42	81	1	68
P06737_1_847_1l5r_pdb_GLU_PLP_4.dlg	-11.57	49	-11.57	49	-6.91	49	-6.91	49	-8.16	76	-6.49	-8.16	76	1	31
Q8N5Z0_1_425_4ge9_pdb_GLU_PLP_1.dlg	-14.59	80	-13.9	30	-7.07	80	-7.87	30	-8.41	50	-7.0	-9.27	1	2	33
Q96GA7_11_328_2rkb.1.A_swissmodel_GLU_PLP_2.dlg	-11.69	52	-9.7	48	-5.6	52	-4.35	48	-5.15	55	-4.64	-7.34	61	4	29
Q8IYQ7_1kl7.1.A_227_740_GLU_PLP_2.dlg	-9.9	75	-9.85	7	-3.77	75	-6.78	7	-6.82	100	-6.01	-6.82	100	2	46
O15270_112_537_4bmk.1.A_swissmodel_GLU_PLP_2.dlg	-12.4	40	-12.4	40	-5.71	40	-5.71	40	-5.76	8	-4.92	-7.16	25	1	65
P06737_24_832_3cej_pdb_GLU_PLP_1.dlg	-11.46	63	-11.46	63	-6.09	63	-6.09	63	-6.86	39	-5.55	-7.44	72	1	33
P0DN79_43_545_4pcu.1.A_swissmodel_GLU_PLP_1.dlg	-8.78	30	-8.61	52	-3.33	30	-3.59	52	-4.44	17	-3.34	-7.59	39	2	31
Q96I15_8_445_3gzd_pdb_GLU_PLP_2.dlg	-10.36	22	-10.36	22	-6.23	22	-6.23	22	-6.47	44	-5.52	-7.06	92	1	29
P21549_1_392_1h0c_pdb_GLU_PLP_2.dlg	-10.69	78	-10.23	92	-6.45	78	-6.97	92	-7.39	29	-6.36	-7.39	29	2	47
P32929_1_402_2nmp_pdb_GLU_PLP_3.dlg	-10.93	82	-10.93	82	-4.63	82	-4.63	82	-5.25	51	-3.93	-6.78	58	1	38
P21549_1_392_1h0c_pdb_GLU_PLP_1.dlg	-11.96	34	-9.86	40	-6.25	34	-5.83	40	-6.93	60	-6.08	-6.93	60	3	46
P32929_1_405_3elp_pdb_GLU_PLP_1.dlg	-11.02	74	-10.07	5	-6.83	74	-5.51	5	-6.67	60	-5.2	-6.87	61	5	21
O15382_28_392_5i5x_pdb_GLU_PLP_1.dlg	-14.4	73	-14.4	73	-6.8	73	-6.8	73	-6.92	80	-6.34	-8.53	66	1	68
P06737_2_847_3dds_pdb_GLU_PLP_1.dlg	-12.0	94	-12.0	94	-7.08	94	-7.08	94	-7.08	94	-5.26	-7.61	82	1	47
P80404_39_499_4y0d.1.A_swissmodel_GLU_PLP_1.dlg	-13.29	10	-13.29	10	-7.81	10	-7.81	10	-8.1	47	-6.98	-8.1	47	1	59
O15382_28_392_2hgw_pdb_GLU_PLP_1.dlg	-14.58	44	-14.58	44	-6.35	44	-6.35	44	-7.75	54	-6.3	-9.44	49	1	53
P11926_1_461_2on3_pdb_GLU_PLP_1.dlg	-10.12	11	-9.09	81	-7.15	11	-3.77	81	-5.48	58	-4.36	-7.3	75	3	33
O15382_28_392_5i5s_pdb_GLU_PLP_1.dlg	-14.48	32	-13.3	33	-6.98	32	-6.22	33	-6.4	78	-5.86	-8.9	56	2	32
P11217_13_837_3zcp.1.A_swissmodel_GLU_PLP_1.dlg	-11.77	56	-11.77	56	-6.16	56	-6.16	56	-7.07	11	-6.17	-8.29	22	1	47
Q99259_90_594_3vp6_pdb_GLU_PLP_1.dlg	-12.41	61	-12.41	61	-4.75	61	-4.75	61	-4.84	31	-4.05	-8.17	54	1	25
P20132_1_328_1p5j_pdb_GLU_PLP_1.dlg	-13.24	94	-13.24	94	-5.84	94	-5.84	94	-7.42	50	-5.74	-8.18	48	1	48
Q8NHS2_5_399_3wzf.1.A_swissmodel_GLU_PLP_1.dlg	-10.64	59	-9.95	97	-6.6	59	-3.65	97	-5.52	72	-4.26	-6.7	62	2	43
P11216_1_843_5ikp_pdb_GLU_PLP_1.dlg	-14.03	84	-13.82	86	-4.55	84	-5.86	86	-7.27	99	-6.25	-7.27	99	2	64
P0DN79_41_550_4l3v.1.A_swissmodel_GLU_PLP_2.dlg	-7.5	47	-7.5	47	-4.96	47	-4.96	47	-5.38	68	-3.85	-6.74	42	1	50
Q96QU6_63_482_1ynu.1.A_swissmodel_GLU_PLP_1.dlg	-10.17	72	-10.17	72	-4.61	72	-4.61	72	-4.99	79	-3.91	-6.48	76	1	44
Q96I15_8_445_3gzc_pdb_GLU_PLP_2.dlg	-10.08	14	-8.78	57	-5.26	14	-6.1	57	-6.26	75	-5.67	-6.26	75	2	33
Q8N5Z0_1_425_4geb_pdb_GLU_PLP_1.dlg	-14.44	99	-14.44	99	-6.67	99	-6.67	99	-7.6	28	-5.86	-8.83	51	1	39
Q6ZQY3_35_520_5hsj.1.A_swissmodel_GLU_PLP_2.dlg	-9.71	96	-9.71	96	-5.02	96	-5.02	96	-5.19	85	-4.67	-6.38	40	1	24
Q9HD40_1_501_4zdp_pdb_GLU_PLP_3.dlg	-13.41	77	-13.41	77	-7.67	77	-7.67	77	-8.31	14	-7.37	-9.02	9	1	49
P04181_38_439_1gbn_pdb_GLU_PLP_2.dlg	-10.35	32	-9.4	63	-6.02	32	-5.82	63	-6.16	2	-5.61	-6.16	2	3	33
Q8IUZ5_10_438_5g4i.1.A_swissmodel_GLU_PLP_1.dlg	-12.99	22	-12.99	22	-6.67	22	-6.67	22	-6.69	1	-6.23	-8.67	98	1	39
Q9GZT4_1_340_3l6r_pdb_GLU_PLP_1.dlg	-9.86	31	-8.65	73	-5.03	31	-4.89	73	-5.06	3	-4.71	-5.15	26	3	39
Q8N5Z0_1_425_4geb_pdb_GLU_PLP_2.dlg	-14.76	54	-14.76	54	-6.65	54	-6.65	54	-7.47	67	-6.06	-8.97	85	1	52
P17735_51_442_4ge9.1.A_swissmodel_GLU_PLP_2.dlg	-11.48	75	-9.52	16	-7.32	75	-5.05	16	-5.29	36	-4.58	-7.37	94	3	42
P21549_1_392_4cbr_pdb_GLU_PLP_1.dlg	-11.95	49	-11.95	49	-7.3	49	-7.3	49	-7.53	57	-6.35	-7.53	57	1	45
Q8N5Z0_1_425_3ue8_pdb_GLU_PLP_1.dlg	-15.8	64	-15.8	64	-7.12	64	-7.12	64	-7.49	86	-6.22	-8.49	73	1	86
P17174_2_413_3wzf_pdb_GLU_PLP_2.dlg	-12.52	34	-12.52	34	-5.61	34	-5.61	34	-6.47	8	-5.35	-9.13	14	1	31
O15382_28_392_5i5x_pdb_GLU_PLP_2.dlg	-14.62	9	-14.62	9	-6.92	9	-6.92	9	-7.36	97	-6.55	-8.88	63	1	68
P32929_1_402_3cog_pdb_GLU_PLP_3.dlg	-10.77	18	-10.77	18	-4.61	18	-4.61	18	-4.84	12	-3.67	-6.31	21	1	41
P34897_22_504_4pvf_pdb_GLU_PLP_4.dlg	-10.16	47	-9.34	53	-6.41	47	-6.55	53	-6.69	72	-6.17	-7.12	92	3	24
O95470_111_553_4q6r.1.A_swissmodel_GLU_PLP_1.dlg	-12.42	38	-10.95	77	-7.2	38	-7.13	77	-7.74	61	-7.04	-7.74	61	3	54
O95470_62_568_4q6r_pdb_GLU_PLP_2.dlg	-13.07	34	-13.07	34	-7.04	34	-7.04	34	-7.52	44	-6.6	-7.92	45	1	42
P21549_1_388_2yob_pdb_GLU_PLP_2.dlg	-12.89	47	-11.75	51	-7.06	47	-7.12	51	-7.2	81	-6.03	-7.38	26	2	42
P32929_1_402_3cog_pdb_GLU_PLP_2.dlg	-7.65	41	-7.65	41	-6.18	41	-6.18	41	-6.18	41	-5.43	-6.21	19	1	14
Q8N5Z0_1_425_2r2n_pdb_GLU_PLP_2.dlg	-14.89	81	-14.89	81	-6.72	81	-6.72	81	-7.31	49	-6.06	-8.49	58	1	76
O15382_28_392_2hg8_pdb_GLU_PLP_2.dlg	-12.76	49	-12.76	49	-6.02	49	-6.02	49	-7.33	95	-6.08	-8.68	97	1	39
P06737_6_839_1fa9.1.A_swissmodel_GLU_PLP_1.dlg	-12.93	92	-12.93	92	-6.88	92	-6.88	92	-7.76	93	-6.55	-7.76	93	1	75
P20711_1_480_3rbf.1.B_swissmodel_GLU_PLP_2.dlg	-9.63	39	-9.61	48	-6.66	39	-4.55	48	-4.79	41	-3.73	-8.15	49	2	26
P24298_19_495_3tcm.1.A_swissmodel_GLU_PLP_2.dlg	-10.65	56	-8.23	93	-5.48	56	-6.16	93	-7.87	87	-6.02	-7.87	87	5	42
Q6ZQY3_35_520_5hsj.1.A_swissmodel_GLU_PLP_1.dlg	-9.6	92	-9.39	30	-6.19	92	-5.56	30	-5.66	4	-4.92	-6.63	68	3	21
O15382_28_392_5i5v_pdb_GLU_PLP_2.dlg	-13.53	8	-10.86	97	-6.23	8	-5.7	97	-5.87	93	-5.37	-8.95	30	5	20
P11926_1_461_2on3_pdb_GLU_PLP_2.dlg	-9.4	74	-7.67	38	-7.0	74	-6.32	38	-6.66	22	-5.81	-7.0	74	5	18
P80404_39_499_4y0d.1.A_swissmodel_GLU_PLP_2.dlg	-12.88	78	-12.88	78	-7.44	78	-7.44	78	-7.61	97	-6.66	-7.61	97	1	62
Q96GA7_11_328_2rkb_pdb_GLU_PLP_1.dlg	-12.2	57	-10.86	28	-5.56	57	-6.89	28	-7.6	33	-6.56	-7.6	33	4	30
P06737_1_847_1exv_pdb_GLU_PLP_1.dlg	-11.26	57	-11.26	57	-5.54	57	-5.54	57	-6.24	97	-5.21	-7.35	13	1	46
Q9Y600_1_493_2jis_pdb_GLU_PLP_2.dlg	-10.4	98	-9.97	27	-5.27	98	-6.17	27	-6.7	83	-5.75	-6.83	38	2	49
Q9NUV7_105_529_4bmk.1.A_swissmodel_GLU_PLP_1.dlg	-12.02	63	-12.02	63	-6.49	63	-6.49	63	-6.49	63	-5.29	-6.49	63	1	84
P32929_1_405_3elp_pdb_GLU_PLP_3.dlg	-11.12	50	-10.24	62	-5.61	50	-4.84	62	-6.12	46	-5.01	-6.64	26	3	16
Q6YP21_41_450_3e2y.1.A_swissmodel_GLU_PLP_2.dlg	-15.31	29	-15.31	29	-7.03	29	-7.03	29	-7.03	29	-6.13	-7.73	83	1	65
P06737_1_847_1l5s_pdb_GLU_PLP_4.dlg	-12.81	17	-12.81	17	-6.47	17	-6.47	17	-6.56	37	-5.65	-7.5	63	1	35
O15382_28_392_5bwt_pdb_GLU_PLP_1.dlg	-13.9	68	-12.74	99	-6.65	68	-6.35	99	-6.53	33	-5.97	-8.83	57	3	36
Q9Y697_67_457_5kz5_pdb_GLU_PLP_7.dlg
Q8N5Z0_1_425_4gdy_pdb_GLU_PLP_1.dlg	-15.35	9	-15.35	9	-7.34	9	-7.34	9	-7.48	97	-6.46	-8.07	83	1	82
Q9Y600_7_493_2jis.1.A_swissmodel_GLU_PLP_1.dlg	-11.46	37	-10.7	21	-7.23	37	-4.55	21	-5.08	79	-4.3	-7.23	37	2	26
O15382_28_392_5hne_pdb_GLU_PLP_2.dlg	-14.1	46	-11.54	32	-6.15	46	-5.38	32	-5.57	67	-4.86	-8.3	95	3	34
Q05329_88_584_2okk.1.A_swissmodel_GLU_PLP_2.dlg	-11.81	67	-10.48	85	-5.57	67	-7.31	85	-7.69	59	-7.05	-7.69	59	2	31
P06737_1_847_1l5s_pdb_GLU_PLP_1.dlg	-11.78	11	-11.78	11	-5.61	11	-5.61	11	-6.25	54	-5.09	-7.44	25	1	52
Q16773_1_422_1w7m_pdb_GLU_PLP_2.dlg	-12.11	24	-12.11	24	-5.13	24	-5.13	24	-6.1	87	-5.24	-6.14	74	1	72
Q16773_1_422_4wp0_pdb_GLU_PLP_1.dlg	-13.31	82	-13.31	82	-6.14	82	-6.14	82	-6.66	28	-5.58	-7.95	3	1	71
O15382_28_392_5i60_pdb_GLU_PLP_1.dlg	-14.65	95	-14.65	95	-5.97	95	-5.97	95	-6.64	7	-5.91	-8.93	56	1	42
Q96I15_29_444_3gzc.1.A_swissmodel_GLU_PLP_1.dlg	-11.11	59	-11.11	59	-6.84	59	-6.84	59	-6.98	41	-6.24	-6.98	41	1	57
Q6ZQY3_35_521_2jis.1.A_swissmodel_GLU_PLP_1.dlg	-10.38	40	-9.87	13	-4.96	40	-5.11	13	-5.58	77	-4.44	-6.75	28	2	38
P06737_2_847_1xoi_pdb_GLU_PLP_2.dlg	-13.86	95	-13.86	95	-7.74	95	-7.74	95	-7.82	20	-7.13	-7.82	20	1	78
P06737_1_847_1l5q_pdb_GLU_PLP_4.dlg	-12.45	23	-12.45	23	-5.97	23	-5.97	23	-6.42	24	-5.53	-7.71	45	1	37
P32929_1_402_2nmp_pdb_GLU_PLP_1.dlg	-11.61	50	-11.61	50	-4.93	50	-4.93	50	-5.3	47	-4.45	-6.54	41	1	65
Q9HD40_1_501_3hl2_pdb_GLU_PLP_2.dlg	-14.44	6	-13.3	10	-8.16	6	-8.73	10	-8.74	81	-7.8	-9.39	2	3	24
Q9BYV1_52_496_5g4i.1.A_swissmodel_GLU_PLP_2.dlg	-7.72	90	-7.72	90	-3.26	90	-3.26	90	-4.09	18	-3.41	-5.0	52	1	16
Q4AC99_168_554_3ath.1.A_swissmodel_GLU_PLP_1.dlg	-8.48	70	-8.48	70	-3.55	70	-3.55	70	-3.72	77	-3.01	-6.26	58	1	31
P20711_1_480_3rbf_pdb_GLU_PLP_2.dlg	-10.19	23	-9.16	63	-7.01	23	-2.99	63	-3.07	27	-2.66	-8.1	1	6	16
P17735_41_444_3dyd_pdb_GLU_PLP_2.dlg	-10.89	75	-8.81	2	-7.23	75	-4.85	2	-5.54	78	-4.71	-7.27	61	3	46
O15382_28_392_2hdk_pdb_GLU_PLP_1.dlg	-13.43	76	-13.43	76	-5.93	76	-5.93	76	-6.51	66	-5.63	-8.56	23	1	74
P06737_1_847_1l5q_pdb_GLU_PLP_2.dlg	-12.7	9	-12.39	54	-7.25	9	-6.95	54	-8.37	45	-6.49	-8.37	45	2	50
P06737_2_847_1fc0_pdb_GLU_PLP_1.dlg	-12.52	79	-12.52	79	-5.74	79	-5.74	79	-6.73	39	-5.93	-6.73	39	1	44
O15382_28_392_5i5u_pdb_GLU_PLP_1.dlg	-14.84	25	-13.88	60	-7.2	25	-6.23	60	-6.34	68	-5.87	-8.51	82	2	41
O15382_28_392_5i5t_pdb_GLU_PLP_2.dlg	-14.91	65	-12.68	84	-6.51	65	-5.58	84	-6.26	79	-5.3	-8.8	30	2	44
P20711_1_480_3rbl_pdb_GLU_PLP_2.dlg	-10.49	97	-10.49	97	-7.52	97	-7.52	97	-7.78	84	-7.03	-7.81	81	1	41
P11926_7_427_1d7k.1.A_swissmodel_GLU_PLP_1.dlg	-8.72	93	-8.72	93	-3.99	93	-3.99	93	-4.13	7	-3.28	-6.74	51	1	21
Q9GZT4_1_340_3l6b_pdb_GLU_PLP_2.dlg	-13.9	46	-13.08	77	-8.5	46	-7.82	77	-8.34	35	-7.49	-8.5	46	3	34
O15382_28_392_5hne_pdb_GLU_PLP_1.dlg	-13.96	44	-13.96	44	-6.05	44	-6.05	44	-6.73	46	-6.04	-8.92	83	1	40
O95470_62_568_4q6r_pdb_GLU_PLP_1.dlg	-12.68	61	-12.68	61	-7.01	61	-7.01	61	-7.09	14	-6.12	-8.08	18	1	46
Q9GZT4_3_329_3l6r.1.A_swissmodel_GLU_PLP_1.dlg	-13.01	84	-12.57	97	-6.95	84	-7.47	97	-7.48	70	-6.79	-7.65	100	2	37
P04181_38_439_1gbn_pdb_GLU_PLP_4.dlg	-10.16	85	-10.16	85	-6.09	85	-6.09	85	-6.09	85	-5.04	-6.09	85	1	65
Q6ZQY3_35_521_2jis.1.A_swissmodel_GLU_PLP_2.dlg	-12.08	75	-12.08	75	-6.58	75	-6.58	75	-6.58	75	-5.92	-6.66	52	1	29
Q96GA7_11_328_2rkb.1.A_swissmodel_GLU_PLP_1.dlg	-11.91	59	-9.57	10	-5.78	59	-4.9	10	-5.19	74	-4.7	-7.34	11	5	26
P06737_1_847_1l7x_pdb_GLU_PLP_3.dlg	-12.22	6	-12.22	6	-5.77	6	-5.77	6	-5.99	33	-5.32	-7.36	97	1	64
Q9Y697_67_457_5kz5_pdb_GLU_PLP_11.dlg
Q9Y617_17_370_3e77_pdb_GLU_PLP_1.dlg	-8.92	7	-7.89	66	-7.85	7	-5.35	66	-5.5	96	-4.42	-8.04	70	3	29
P21549_1_392_4kyo_pdb_GLU_PLP_1.dlg	-9.57	86	-8.32	39	-5.84	86	-7.04	39	-7.31	61	-6.6	-7.31	61	3	43
Q4AC99_134_553_1m7y.1.A_swissmodel_GLU_PLP_1.dlg	-8.14	80	-7.29	66	-4.34	80	-4.43	66	-4.6	11	-3.84	-5.22	22	5	14
O15382_28_392_1kt8_pdb_GLU_PLP_2.dlg	-14.54	13	-14.54	13	-6.96	13	-6.96	13	-7.26	22	-6.58	-8.44	77	1	85
O15382_28_392_5cr5_pdb_GLU_PLP_1.dlg	-14.9	12	-14.9	12	-6.01	12	-6.01	12	-6.6	29	-5.87	-9.3	23	1	68
O15382_28_392_1kta_pdb_GLU_PLP_2.dlg	-14.78	51	-14.78	51	-7.09	51	-7.09	51	-7.16	28	-6.55	-8.42	56	1	82
P54687_21_386_2abj_pdb_GLU_PLP_1.dlg	-13.22	10	-13.22	10	-6.12	10	-6.12	10	-6.15	76	-5.57	-8.4	29	1	62
Q05329_88_584_2okk_pdb_GLU_PLP_1.dlg	-12.53	1	-12.53	1	-5.19	1	-5.19	1	-5.93	71	-4.9	-7.81	82	1	29
P04181_1_439_2byl_pdb_GLU_PLP_1.dlg	-8.21	28	-7.09	80	-4.9	28	-5.14	80	-5.54	45	-4.97	-5.92	38	6	23
Q9HD40_19_462_4zdl.1.A_swissmodel_GLU_PLP_3.dlg	-17.25	50	-15.59	87	-8.68	50	-10.48	87	-10.66	37	-9.71	-10.66	37	3	26
P21549_1_392_4cbr_pdb_GLU_PLP_2.dlg	-13.29	64	-13.29	64	-6.95	64	-6.95	64	-7.05	57	-6.09	-7.8	3	1	45
P04181_1_439_2oat_pdb_GLU_PLP_4.dlg	-10.43	96	-10.35	55	-5.72	96	-5.91	55	-6.08	47	-5.35	-6.12	79	3	54
Q9HD40_1_501_4zdo_pdb_GLU_PLP_3.dlg	-12.94	33	-11.31	78	-7.55	33	-7.21	78	-7.96	20	-6.32	-8.35	50	3	24
P11926_1_461_2oo0_pdb_GLU_PLP_1.dlg	-8.13	31	-6.95	50	-4.1	31	-1.7	50	-2.23	36	-1.58	-5.41	85	3	34
O15382_28_392_5i5u_pdb_GLU_PLP_2.dlg	-14.66	46	-14.66	46	-7.67	46	-7.67	46	-7.67	46	-6.62	-8.85	98	1	49
Q96GA7_11_328_2rkb_pdb_GLU_PLP_2.dlg	-11.61	48	-11.61	48	-5.65	48	-5.65	48	-5.84	57	-5.09	-7.64	88	1	24
P04181_1_439_2oat_pdb_GLU_PLP_3.dlg	-10.1	24	-9.69	3	-5.27	24	-5.51	3	-5.74	25	-5.3	-6.18	16	3	69
P11926_7_427_1d7k.1.A_swissmodel_GLU_PLP_2.dlg	-7.57	58	-7.06	55	-3.84	58	-6.66	55	-6.71	41	-6.07	-6.71	41	3	33
P06737_1_847_1l7x_pdb_GLU_PLP_4.dlg	-12.3	46	-11.87	48	-7.03	46	-8.45	48	-8.45	48	-6.65	-8.45	48	2	56
P06737_2_847_3ddw_pdb_GLU_PLP_1.dlg	-11.69	26	-11.69	26	-5.58	26	-5.58	26	-6.33	77	-5.09	-7.23	2	1	42
P32929_1_402_2nmp_pdb_GLU_PLP_4.dlg	-11.27	29	-11.27	29	-5.57	29	-5.57	29	-5.61	72	-4.5	-6.89	95	1	43
P06737_24_832_3cem_pdb_GLU_PLP_1.dlg	-13.02	49	-13.02	49	-6.63	49	-6.63	49	-7.31	15	-5.97	-8.52	76	1	87
Q9HD40_1_501_4zdo_pdb_GLU_PLP_1.dlg	-12.52	91	-10.57	46	-7.72	91	-5.83	46	-6.76	66	-5.87	-8.22	31	9	20
O15382_28_392_5bwu_pdb_GLU_PLP_2.dlg	-15.78	94	-15.78	94	-7.77	94	-7.77	94	-7.83	87	-7.07	-8.95	53	1	55
Q9Y617_17_370_3e77_pdb_GLU_PLP_2.dlg	-11.35	72	-9.98	6	-7.13	72	-6.58	6	-6.8	10	-5.93	-7.47	65	16	12
O15382_28_392_5bwu_pdb_GLU_PLP_1.dlg	-14.77	74	-14.77	74	-7.0	74	-7.0	74	-7.5	93	-6.87	-8.76	40	1	38
Q8N5Z0_1_425_5tf5_pdb_GLU_PLP_1.dlg	-14.67	61	-14.67	61	-6.59	61	-6.59	61	-6.97	29	-5.98	-6.97	29	1	95
O15382_28_392_5bwx_pdb_GLU_PLP_1.dlg	-14.79	41	-14.79	41	-6.68	41	-6.68	41	-7.35	65	-6.7	-8.84	40	1	50
Q96I15_29_444_3gzc.1.A_swissmodel_GLU_PLP_2.dlg	-8.77	60	-8.77	60	-5.96	60	-5.96	60	-6.24	23	-5.61	-6.24	23	1	39
Q8N5Z0_1_425_4ge9_pdb_GLU_PLP_2.dlg	-13.69	25	-13.69	25	-6.96	25	-6.96	25	-7.09	10	-6.47	-8.68	17	1	26
P06737_1_847_1l7x_pdb_GLU_PLP_2.dlg	-12.49	14	-12.49	14	-6.93	14	-6.93	14	-7.44	81	-6.51	-7.44	81	1	65
Q9Y697_67_457_5kz5_pdb_GLU_PLP_2.dlg
O15382_28_392_2hgx_pdb_GLU_PLP_1.dlg	-13.8	37	-13.8	37	-6.11	37	-6.11	37	-7.64	30	-6.48	-9.93	87	1	45
Q96EN8_35_495_5j8q.1.A_swissmodel_GLU_PLP_2.dlg	-8.47	88	-7.09	10	-5.98	88	-2.61	10	-3.86	70	-3.16	-6.38	99	7	22
Q9Y697_67_457_5kz5_pdb_GLU_PLP_1.dlg
O15382_28_392_5bwr_pdb_GLU_PLP_1.dlg	-13.48	97	-12.04	85	-6.33	97	-6.1	85	-6.1	85	-5.01	-9.23	79	3	33
Q16773_1_422_1w7l_pdb_GLU_PLP_2.dlg	-11.4	20	-8.86	50	-6.07	20	-6.85	50	-7.0	44	-6.38	-7.04	18	3	53
Q8TD30_49_523_3ihj_pdb_GLU_PLP_1.dlg	-12.19	17	-12.19	17	-7.76	17	-7.76	17	-7.76	17	-6.9	-7.78	68	1	63
O75600_24_417_2jg2.1.A_swissmodel_GLU_PLP_2.dlg	-9.61	75	-8.76	98	-5.81	75	-6.71	98	-6.71	98	-6.32	-6.71	98	3	16
Q9Y697_67_457_5kz5_pdb_GLU_PLP_9.dlg
P17735_41_444_3dyd.1.A_swissmodel_GLU_PLP_2.dlg	-10.83	3	-9.57	23	-7.11	3	-4.24	23	-6.04	19	-5.03	-7.48	50	2	38
P06737_1_847_1em6_pdb_GLU_PLP_1.dlg	-13.2	74	-13.2	74	-6.83	74	-6.83	74	-7.0	66	-6.22	-8.27	76	1	43
Q9HD40_19_462_4zdl.1.A_swissmodel_GLU_PLP_2.dlg	-15.83	54	-15.64	21	-8.24	54	-10.46	21	-10.49	55	-10.03	-10.49	55	2	44
Q96QU6_55_475_1m7y.1.A_swissmodel_GLU_PLP_1.dlg	-10.41	59	-9.67	83	-6.56	59	-5.53	83	-5.89	22	-4.98	-6.56	59	2	24
P06737_1_847_1l5s_pdb_GLU_PLP_2.dlg	-11.36	8	-11.27	28	-5.72	8	-7.55	28	-7.61	57	-6.41	-7.61	57	2	35
Q16773_1_422_3fvx_pdb_GLU_PLP_2.dlg	-12.75	57	-12.75	57	-6.47	57	-6.47	57	-7.03	55	-5.72	-7.69	49	1	42
Q8N5Z0_1_425_4gdy_pdb_GLU_PLP_2.dlg	-15.31	59	-15.31	59	-7.58	59	-7.58	59	-7.65	44	-6.94	-7.65	44	1	83
P06737_1_847_1l7x_pdb_GLU_PLP_1.dlg	-11.85	36	-11.85	36	-5.36	36	-5.36	36	-6.23	85	-5.09	-6.68	3	1	59
P22557_194_547_1fc4.1.A_swissmodel_GLU_PLP_2.dlg	-13.6	13	-13.6	13	-6.54	13	-6.54	13	-6.72	66	-6.17	-6.72	66	1	96
Q9HD40_1_501_4zdp_pdb_GLU_PLP_4.dlg	-15.66	20	-15.66	20	-8.4	20	-8.4	20	-8.4	20	-7.17	-8.67	40	1	73
Q9Y697_56_457_5usr.1.A_swissmodel_GLU_PLP_1.dlg	-9.68	1	-8.59	44	-3.98	1	-5.86	44	-6.38	97	-5.68	-6.38	97	3	21
Q4AC99_134_553_1m7y.1.A_swissmodel_GLU_PLP_2.dlg	-7.88	46	-7.36	49	-4.13	46	-2.9	49	-3.94	31	-3.24	-5.25	29	3	21
Q8TBG4_7_438_4ysn.1.A_swissmodel_GLU_PLP_2.dlg	-7.97	99	-5.07	34	-7.11	99	-7.68	34	-8.19	20	-6.86	-8.19	20	5	19
P32929_1_405_3elp_pdb_GLU_PLP_2.dlg	-9.74	43	-9.74	43	-4.18	43	-4.18	43	-4.36	79	-3.59	-6.71	71	1	25
P0DN79_41_550_4l3v.1.A_swissmodel_GLU_PLP_1.dlg	-7.52	88	-7.52	88	-4.43	88	-4.43	88	-5.5	27	-3.66	-6.89	73	1	54
O94903_12_248_1ct5.1.A_swissmodel_GLU_PLP_1.dlg	-8.58	11	-7.55	33	-3.14	11	-4.5	33	-5.21	86	-4.49	-6.48	61	6	29
P11216_22_840_5iko.1.A_swissmodel_GLU_PLP_2.dlg	-11.76	27	-11.59	77	-5.59	27	-6.14	77	-6.49	5	-5.78	-6.49	5	2	42
Q9NUV7_155_530_2x8u.1.A_swissmodel_GLU_PLP_1.dlg	-11.15	22	-9.7	52	-5.32	22	-4.88	52	-5.56	26	-4.5	-6.45	76	3	31
P34896_8_483_1eji.1.D_swissmodel_GLU_PLP_2.dlg	-9.35	5	-8.52	50	-6.25	5	-6.69	50	-6.78	55	-6.01	-6.78	55	2	27
Q9Y697_67_457_5kz5_pdb_GLU_PLP_4.dlg
P04181_1_439_2byl_pdb_GLU_PLP_2.dlg	-9.87	26	-9.01	29	-4.45	26	-5.63	29	-5.79	50	-4.99	-5.79	50	2	28
P32929_1_402_3cog_pdb_GLU_PLP_4.dlg	-10.73	17	-10.73	17	-4.73	17	-4.73	17	-5.07	57	-3.67	-5.77	14	1	50
P06737_1_847_1exv_pdb_GLU_PLP_2.dlg	-11.93	52	-11.87	26	-6.77	52	-5.51	26	-6.31	61	-5.22	-7.54	74	2	34
Q9GZT4_3_329_3l6r.1.A_swissmodel_GLU_PLP_2.dlg	-12.7	79	-12.5	94	-6.15	79	-7.39	94	-7.47	62	-6.84	-7.62	14	3	40
O15382_28_392_5bwv_pdb_GLU_PLP_2.dlg	-14.03	72	-14.03	72	-7.79	72	-7.79	72	-7.92	98	-7.11	-8.96	51	1	44
Q05329_88_584_2okk.1.A_swissmodel_GLU_PLP_1.dlg	-11.43	43	-11.43	43	-4.94	43	-4.94	43	-5.47	57	-4.45	-7.51	48	1	28
Q9HD40_1_501_4zdl_pdb_GLU_PLP_2.dlg	-13.88	92	-13.67	89	-7.44	92	-9.15	89	-9.19	93	-8.65	-9.19	93	2	31
O14977_10_432_4zgz.1.A_swissmodel_GLU_PLP_1.dlg	-6.52	56	-6.52	56	-5.11	56	-5.11	56	-5.18	70	-4.06	-5.18	70	1	60
Q9HD40_1_501_4zdo_pdb_GLU_PLP_2.dlg	-12.59	20	-12.59	20	-8.44	20	-8.44	20	-8.89	28	-8.18	-9.07	93	1	42
P13196_199_595_2bwp.1.A_swissmodel_GLU_PLP_2.dlg	-9.01	32	-9.01	32	-5.8	32	-5.8	32	-5.96	49	-5.26	-6.12	40	1	63
Q8TBG4_7_438_4ysn.1.A_swissmodel_GLU_PLP_3.dlg	-8.75	34	-8.75	34	-4.16	34	-4.16	34	-6.38	70	-4.23	-7.63	48	1	30
P34897_22_504_4pvf_pdb_GLU_PLP_1.dlg	-9.2	78	-9.2	78	-3.58	78	-3.58	78	-5.29	24	-4.05	-7.69	57	1	41
P17735_41_444_3dyd.1.A_swissmodel_GLU_PLP_1.dlg	-10.08	91	-9.18	80	-6.93	91	-5.26	80	-5.86	96	-4.46	-7.54	19	3	35
P06737_1_847_1l5s_pdb_GLU_PLP_3.dlg	-12.22	88	-12.22	88	-6.23	88	-6.23	88	-6.28	33	-5.52	-7.45	76	1	55
P11926_7_427_1d7k_pdb_GLU_PLP_1.dlg	-8.77	67	-8.72	65	-4.7	67	-7.14	65	-7.37	75	-6.04	-7.37	75	2	21
Q9HD40_1_501_4zdp_pdb_GLU_PLP_1.dlg	-13.71	23	-13.71	23	-7.8	23	-7.8	23	-8.2	90	-7.63	-9.01	41	1	44
P21549_1_392_1j04_pdb_GLU_PLP_1.dlg	-13.26	73	-13.26	73	-6.07	73	-6.07	73	-6.79	97	-5.99	-7.49	38	1	29
O15382_28_392_5i5w_pdb_GLU_PLP_1.dlg	-14.44	90	-14.44	90	-6.42	90	-6.42	90	-6.56	43	-5.99	-8.37	48	1	43
Q8N5Z0_1_425_2xh1_pdb_GLU_PLP_1.dlg	-14.03	22	-14.03	22	-6.67	22	-6.67	22	-6.82	11	-5.76	-7.89	35	1	71
Q8N5Z0_1_425_4ge4_pdb_GLU_PLP_1.dlg	-16.01	100	-16.01	100	-7.24	100	-7.24	100	-7.24	100	-6.34	-9.75	78	1	60
P32929_10_399_3cog.1.A_swissmodel_GLU_PLP_3.dlg	-11.11	69	-11.11	69	-4.6	69	-4.6	69	-4.9	49	-2.95	-6.67	89	1	50
O15382_28_392_2hg8_pdb_GLU_PLP_1.dlg	-14.34	56	-14.34	56	-6.19	56	-6.19	56	-7.4	43	-6.48	-9.66	100	1	75
Q9HD40_1_501_4zdp_pdb_GLU_PLP_2.dlg	-15.74	33	-15.74	33	-8.09	33	-8.09	33	-8.45	98	-7.25	-8.45	98	1	73
P34896_11_480_1bj4_pdb_GLU_PLP_1.dlg	-8.7	57	-8.39	3	-5.25	57	-6.19	3	-6.28	97	-5.22	-6.28	97	2	38
Q8N5Z0_1_425_2xh1_pdb_GLU_PLP_2.dlg	-12.95	43	-12.95	43	-6.51	43	-6.51	43	-7.42	27	-5.9	-8.05	99	1	73
Q16719_6_460_2hzp.1.A_swissmodel_GLU_PLP_1.dlg	-7.59	92	-6.05	90	-6.2	92	-3.24	90	-3.67	93	-3.1	-6.2	92	4	19
P04181_1_439_2oat_pdb_GLU_PLP_2.dlg	-10.61	98	-10.61	98	-5.48	98	-5.48	98	-6.01	97	-5.12	-6.16	55	1	44
Q16773_1_422_4wlj_pdb_GLU_PLP_2.dlg	-13.98	44	-13.98	44	-6.36	44	-6.36	44	-6.45	98	-5.64	-7.04	32	1	83
O75600_74_419_2x8u.1.A_swissmodel_GLU_PLP_2.dlg	-8.41	56	-8.41	56	-6.31	56	-6.31	56	-6.85	99	-6.28	-6.95	9	1	37
P06737_1_847_1l5q_pdb_GLU_PLP_3.dlg	-13.05	87	-13.05	87	-6.42	87	-6.42	87	-6.5	98	-5.57	-7.53	43	1	46
P34897_43_504_4pvf.1.A_swissmodel_GLU_PLP_4.dlg	-8.37	39	-8.37	39	-6.08	39	-6.08	39	-6.28	99	-5.56	-6.42	7	1	54
Q16773_1_422_1w7m_pdb_GLU_PLP_1.dlg	-11.95	90	-11.95	90	-6.26	90	-6.26	90	-6.26	90	-5.27	-6.88	59	1	65
O15382_28_392_1kt8_pdb_GLU_PLP_1.dlg	-13.9	87	-13.9	87	-6.97	87	-6.97	87	-7.01	7	-6.45	-8.59	19	1	89
O15382_28_392_1ekf_pdb_GLU_PLP_1.dlg	-13.94	79	-12.83	14	-5.97	79	-5.74	14	-5.82	51	-5.42	-9.46	75	2	51
P54687_21_386_2abj.1.A_swissmodel_GLU_PLP_1.dlg	-9.57	57	-9.18	65	-4.65	57	-7.15	65	-7.62	64	-6.74	-7.62	64	2	38
O15270_112_537_4bmk.1.A_swissmodel_GLU_PLP_1.dlg	-11.73	84	-11.73	84	-5.36	84	-5.36	84	-5.72	19	-5.12	-6.16	80	1	86
P32929_10_399_3cog.1.A_swissmodel_GLU_PLP_2.dlg	-7.59	75	-7.59	75	-6.29	75	-6.29	75	-6.29	75	-5.52	-6.54	50	1	20
P20132_4_322_1p5j.1.A_swissmodel_GLU_PLP_1.dlg	-14.25	38	-10.76	8	-8.03	38	-7.88	8	-8.16	66	-7.51	-8.16	66	3	37
P11217_13_837_3zcp.1.A_swissmodel_GLU_PLP_2.dlg	-12.14	11	-12.14	11	-6.21	11	-6.21	11	-7.0	65	-6.14	-7.93	78	1	52
P20711_1_480_3rbf_pdb_GLU_PLP_1.dlg	-10.01	84	-9.35	10	-5.51	84	-5.94	10	-6.84	6	-6.22	-6.93	99	5	24
Q9Y697_67_457_5kz5_pdb_GLU_PLP_5.dlg
O15382_28_392_5i5v_pdb_GLU_PLP_1.dlg	-13.69	13	-12.27	29	-5.97	13	-6.22	29	-6.23	79	-5.62	-8.87	9	2	29
P34897_22_504_4pvf_pdb_GLU_PLP_2.dlg	-10.21	68	-10.21	68	-6.28	68	-6.28	68	-6.5	45	-5.92	-7.1	56	1	61
Q9GZT4_1_340_3l6r_pdb_GLU_PLP_2.dlg	-9.55	67	-8.82	22	-5.06	67	-4.76	22	-5.07	12	-4.71	-5.2	88	3	41
P04181_1_439_2byj_pdb_GLU_PLP_1.dlg	-9.84	99	-8.37	28	-5.93	99	-5.27	28	-5.95	70	-5.3	-6.07	95	7	22
Q9HD40_1_501_3hl2_pdb_GLU_PLP_3.dlg	-13.37	67	-13.37	67	-8.19	67	-8.19	67	-8.49	56	-7.66	-9.26	88	1	59
P06737_24_832_3ceh_pdb_GLU_PLP_2.dlg	-11.96	93	-11.65	6	-7.86	93	-5.47	6	-6.98	70	-5.39	-7.86	93	2	36
O15382_28_392_5bwr_pdb_GLU_PLP_2.dlg	-14.54	22	-13.0	33	-6.17	22	-8.71	33	-8.88	19	-8.29	-8.88	19	3	32
P32929_10_399_3cog.1.A_swissmodel_GLU_PLP_4.dlg	-10.81	53	-10.81	53	-4.76	53	-4.76	53	-5.12	30	-3.54	-5.78	6	1	49
P54687_1_386_2coj_pdb_GLU_PLP_2.dlg	-13.13	63	-13.13	63	-5.75	63	-5.75	63	-6.33	25	-5.39	-6.33	25	1	96
P06737_1_847_2zb2_pdb_GLU_PLP_2.dlg	-12.12	48	-12.12	48	-6.1	48	-6.1	48	-6.69	75	-5.85	-7.3	76	1	47
P11926_2_421_4zgy_pdb_GLU_PLP_1.dlg	-11.27	65	-7.25	22	-7.97	65	-6.04	22	-6.2	30	-5.99	-8.12	1	21	13
P23378_53_1006_4lgl.1.A_swissmodel_GLU_PLP_1.dlg	-7.48	72	-7.48	72	-4.79	72	-4.79	72	-4.79	72	-3.83	-5.02	23	1	28
P21549_1_388_2yob_pdb_GLU_PLP_1.dlg	-12.67	18	-12.67	18	-7.04	18	-7.04	18	-7.18	88	-6.4	-7.52	31	1	44
P06737_2_847_1fc0_pdb_GLU_PLP_2.dlg	-12.46	92	-12.46	92	-7.1	92	-7.1	92	-7.75	84	-6.88	-7.75	84	1	60
Q16773_1_422_4wp0_pdb_GLU_PLP_2.dlg	-11.97	83	-11.97	83	-6.44	83	-6.44	83	-6.86	3	-5.66	-8.11	49	1	61
O15382_28_392_5i5s_pdb_GLU_PLP_2.dlg	-14.13	94	-12.62	4	-6.8	94	-8.89	4	-8.9	57	-8.42	-8.9	57	3	29
P54687_1_386_2cog_pdb_GLU_PLP_2.dlg	-13.0	17	-13.0	17	-5.77	17	-5.77	17	-6.46	93	-5.62	-7.8	45	1	90
Q8TBG4_7_438_4ysn.1.A_swissmodel_GLU_PLP_1.dlg	-10.66	77	-10.66	77	-7.59	77	-7.59	77	-7.68	79	-6.41	-7.68	79	1	42
P06737_2_847_3dd1_pdb_GLU_PLP_1.dlg	-12.15	34	-12.15	34	-5.35	34	-5.35	34	-6.29	45	-5.16	-7.73	5	1	59
P34896_8_483_1eji.1.D_swissmodel_GLU_PLP_4.dlg	-8.77	15	-6.96	68	-5.01	15	-4.65	68	-5.51	71	-4.84	-5.51	71	3	21
Q9BYV1_52_496_5g4i.1.A_swissmodel_GLU_PLP_1.dlg	-8.44	75	-8.4	83	-5.55	75	-4.38	83	-4.55	28	-4.22	-5.55	75	2	17
Q9Y697_67_457_5kz5_pdb_GLU_PLP_6.dlg
P00505_32_430_5ax8.2.B_swissmodel_GLU_PLP_1.dlg	-14.24	28	-14.24	28	-6.95	28	-6.95	28	-6.95	28	-6.25	-8.68	71	1	25
P20711_1_480_3rbf.1.B_swissmodel_GLU_PLP_1.dlg	-9.05	73	-9.05	73	-5.24	73	-5.24	73	-5.94	24	-4.92	-6.93	71	1	41
P21549_1_392_1j04_pdb_GLU_PLP_2.dlg	-12.51	48	-12.51	48	-6.67	48	-6.67	48	-6.8	62	-6.14	-7.24	44	1	29
P17735_51_442_4ge9.1.A_swissmodel_GLU_PLP_1.dlg	-11.45	31	-11.45	31	-7.81	31	-7.81	31	-7.81	31	-6.29	-7.81	31	1	42
Q16773_1_422_3fvs_pdb_GLU_PLP_2.dlg	-12.65	76	-9.31	5	-6.79	76	-7.1	5	-7.1	5	-6.32	-7.51	13	2	34
Q99259_93_594_2okj_pdb_GLU_PLP_2.dlg	-14.09	62	-11.66	99	-6.97	62	-7.66	99	-7.76	9	-7.12	-7.76	9	4	48
P20711_1_383_1js6.1.A_swissmodel_GLU_PLP_1.dlg	-9.62	83	-9.62	83	-4.98	83	-4.98	83	-5.75	40	-5.05	-6.18	64	1	31
P04181_38_439_1gbn_pdb_GLU_PLP_3.dlg	-10.31	83	-10.31	83	-5.94	83	-5.94	83	-6.01	89	-5.1	-6.11	74	1	42
Q96QU6_55_475_1m7y.1.A_swissmodel_GLU_PLP_2.dlg	-8.94	86	-8.53	5	-4.99	86	-4.07	5	-4.65	83	-4.07	-6.59	57	3	21
Q9NUV7_105_529_4bmk.1.A_swissmodel_GLU_PLP_2.dlg	-13.43	24	-13.43	24	-6.12	24	-6.12	24	-7.32	44	-5.9	-7.79	76	1	76
P06737_2_847_1xoi_pdb_GLU_PLP_1.dlg	-13.08	43	-13.08	43	-7.68	43	-7.68	43	-7.8	69	-6.88	-7.8	69	1	42
O15382_28_392_1ekv_pdb_GLU_PLP_2.dlg	-15.24	86	-15.24	86	-8.15	86	-8.15	86	-8.15	86	-6.58	-9.36	49	1	55
Q9GZT4_1_340_3l6b_pdb_GLU_PLP_1.dlg	-13.61	41	-13.0	31	-8.27	41	-7.88	31	-8.36	27	-7.39	-8.36	27	3	35
O15382_28_392_2hdk_pdb_GLU_PLP_2.dlg	-14.02	22	-14.02	22	-5.65	22	-5.65	22	-6.45	68	-5.69	-8.99	26	1	67
Q16773_1_422_3fvu_pdb_GLU_PLP_1.dlg	-12.23	73	-11.83	47	-7.69	73	-6.0	47	-6.22	4	-5.66	-7.94	13	4	38
P04181_1_439_2oat_pdb_GLU_PLP_1.dlg	-10.04	62	-10.04	62	-5.94	62	-5.94	62	-6.33	9	-5.51	-6.33	9	1	71
O15382_28_392_2hgw_pdb_GLU_PLP_2.dlg	-14.21	22	-14.21	22	-6.32	22	-6.32	22	-7.59	93	-6.52	-9.45	12	1	57
P17174_14_412_3ii0_pdb_GLU_PLP_2.dlg	-16.17	57	-16.17	57	-8.98	57	-8.98	57	-9.09	75	-7.37	-9.09	75	1	81
Q96QU6_63_482_1ynu.1.A_swissmodel_GLU_PLP_2.dlg	-9.7	66	-9.7	66	-4.38	66	-4.38	66	-5.09	1	-4.05	-6.64	12	1	46
P11216_1_843_5iko_pdb_GLU_PLP_2.dlg	-10.82	49	-10.21	65	-5.18	49	-6.61	65	-6.82	85	-6.11	-6.82	85	6	30
P21549_6_392_3r9a.1.A_swissmodel_GLU_PLP_1.dlg	-10.95	90	-10.72	55	-7.28	90	-5.34	55	-6.03	75	-5.2	-7.3	5	2	49
P21549_1_392_3r9a_pdb_GLU_PLP_1.dlg	-11.44	89	-11.44	89	-6.65	89	-6.65	89	-6.72	7	-5.66	-6.72	7	1	51
Q9Y617_17_370_3e77.1.A_swissmodel_GLU_PLP_1.dlg	-11.8	97	-10.86	92	-7.92	97	-5.73	92	-5.73	92	-5.46	-7.92	97	5	21
P21549_1_392_4kxk_pdb_GLU_PLP_2.dlg	-9.61	40	-9.61	40	-5.37	40	-5.37	40	-5.73	19	-4.43	-5.92	81	1	46
O15382_28_392_5cr5_pdb_GLU_PLP_2.dlg	-14.35	19	-14.35	19	-5.87	19	-5.87	19	-6.56	64	-5.85	-8.01	33	1	50
P04181_38_439_2can_pdb_GLU_PLP_1.dlg	-11.46	57	-9.91	55	-5.86	57	-5.38	55	-5.64	2	-4.73	-6.44	99	2	57
Q16773_1_422_1w7n_pdb_GLU_PLP_1.dlg	-15.31	82	-15.31	82	-5.66	82	-5.66	82	-6.42	100	-5.15	-8.85	94	1	91
P22557_151_541_2bwp.1.A_swissmodel_GLU_PLP_2.dlg	-9.55	90	-8.76	45	-4.24	90	-5.82	45	-5.89	77	-5.05	-6.89	30	3	50
Q99259_93_593_2okj.1.A_swissmodel_GLU_PLP_2.dlg	-12.61	25	-9.71	34	-5.45	25	-5.69	34	-6.36	83	-5.67	-6.57	47	5	33
Q9Y697_67_457_5kz5_pdb_GLU_PLP_8.dlg
Q8TBG4_7_438_4ysn.1.A_swissmodel_GLU_PLP_4.dlg	-9.83	37	-9.02	2	-7.28	37	-6.2	2	-6.9	22	-5.64	-7.28	37	2	41
P11926_7_427_1d7k_pdb_GLU_PLP_2.dlg	-10.62	99	-10.62	99	-4.35	99	-4.35	99	-5.37	42	-4.31	-7.86	76	1	28
Q86YJ6_1_470_1kl7.1.A_swissmodel_GLU_PLP_1.dlg	-10.51	84	-10.1	54	-5.78	84	-4.21	54	-4.41	29	-3.76	-6.95	98	2	45
P04181_1_439_1oat_pdb_GLU_PLP_2.dlg	-8.48	60	-7.16	25	-4.67	60	-4.63	25	-5.11	69	-4.39	-5.46	3	4	40
P04181_38_439_1gbn_pdb_GLU_PLP_1.dlg	-10.44	39	-10.44	39	-6.14	39	-6.14	39	-6.14	39	-5.1	-6.14	39	1	54
Q8IYQ7_1kl7.1.A_227_740_GLU_PLP_1.dlg	-9.73	38	-9.71	55	-4.09	38	-6.6	55	-6.71	83	-5.88	-6.71	83	2	42
P22557_151_541_2bwp.1.A_swissmodel_GLU_PLP_1.dlg	-9.16	7	-8.07	55	-4.4	7	-4.82	55	-5.38	26	-4.54	-6.9	80	3	46
P21549_1_392_4kxk_pdb_GLU_PLP_1.dlg	-8.29	13	-4.96	75	-4.12	13	-5.47	75	-6.45	6	-5.13	-6.51	41	3	27
P13196_240_598_3tqx.1.A_swissmodel_GLU_PLP_2.dlg	-11.42	26	-9.01	94	-6.23	26	-6.72	94	-7.63	96	-6.75	-7.63	96	7	41
O15382_28_392_1ekf_pdb_GLU_PLP_2.dlg	-14.19	53	-12.68	54	-6.31	53	-5.12	54	-6.14	70	-5.1	-9.27	10	2	49
O75600_41_418_3tqx.1.A_swissmodel_GLU_PLP_2.dlg	-11.55	71	-11.55	71	-6.92	71	-6.92	71	-7.3	81	-6.5	-7.3	81	1	80
Q9BYV1_65_508_5g4i.1.A_swissmodel_GLU_PLP_2.dlg	-8.25	48	-8.25	48	-4.77	48	-4.77	48	-4.77	48	-3.84	-5.6	69	1	19
Q96I15_8_445_3gzc_pdb_GLU_PLP_1.dlg	-12.14	55	-12.14	55	-7.83	55	-7.83	55	-7.83	55	-6.61	-7.83	55	1	64
P13196_189_573_3hqt.1.A_swissmodel_GLU_PLP_1.dlg	-10.48	91	-10.36	32	-5.1	91	-8.01	32	-8.11	30	-6.91	-8.11	30	2	44
O15270_145_538_1fc4.1.A_swissmodel_GLU_PLP_1.dlg	-5.66	81	-4.96	71	-5.21	81	-4.42	71	-6.34	39	-4.23	-6.46	51	2	29
P06737_1_847_1l5r_pdb_GLU_PLP_2.dlg	-11.79	76	-11.79	76	-6.9	76	-6.9	76	-7.98	5	-6.49	-7.98	5	1	37
P11216_22_840_5iko.1.A_swissmodel_GLU_PLP_1.dlg	-11.35	10	-11.35	10	-6.16	10	-6.16	10	-6.51	44	-5.72	-6.51	44	1	41
Q8N5Z0_1_425_3dc1_pdb_GLU_PLP_1.dlg	-14.38	81	-14.38	81	-6.56	81	-6.56	81	-6.79	92	-5.86	-6.79	92	1	80
P32929_1_405_3elp_pdb_GLU_PLP_4.dlg	-8.68	50	-8.68	50	-4.08	50	-4.08	50	-4.32	86	-3.71	-6.19	55	1	23
Q9Y617_17_370_3e77.1.A_swissmodel_GLU_PLP_2.dlg	-11.27	57	-9.12	1	-7.58	57	-6.75	1	-7.06	15	-6.35	-8.12	85	8	21
O15382_28_392_5bwt_pdb_GLU_PLP_2.dlg	-14.12	67	-13.55	8	-6.51	67	-8.72	8	-8.9	37	-8.17	-9.06	14	2	56
Q16773_1_422_3fvs_pdb_GLU_PLP_1.dlg	-12.37	22	-9.21	49	-6.07	22	-7.17	49	-7.17	49	-5.97	-7.55	4	4	37
P06737_1_847_1l5q_pdb_GLU_PLP_1.dlg	-12.33	91	-12.33	91	-5.63	91	-5.63	91	-6.55	79	-5.36	-8.2	28	1	40
P17174_2_413_3wzf.1.A_swissmodel_GLU_PLP_1.dlg	-12.55	74	-11.22	78	-5.44	74	-4.58	78	-4.58	78	-4.17	-9.46	15	5	34
O15270_177_540_2bwp.1.A_swissmodel_GLU_PLP_1.dlg	-6.75	47	-5.81	92	-6.23	47	-5.19	92	-5.33	89	-4.45	-6.7	40	4	38
Q8IUZ5_10_438_5g4i.1.A_swissmodel_GLU_PLP_2.dlg	-13.1	48	-12.79	56	-7.04	48	-6.37	56	-6.88	97	-6.13	-8.16	81	2	50
P17174_2_413_3wzf_pdb_GLU_PLP_1.dlg	-12.07	32	-11.65	74	-9.45	32	-4.57	74	-4.75	50	-4.14	-9.45	32	4	26
P17174_2_413_3wzf.1.A_swissmodel_GLU_PLP_2.dlg	-11.16	86	-10.2	57	-9.31	86	-4.6	57	-4.68	43	-3.92	-9.31	86	6	27
P00505_30_430_5ax8_pdb_GLU_PLP_2.dlg	-16.3	24	-16.3	24	-7.59	24	-7.59	24	-7.68	91	-7.26	-10.21	90	1	25
P32929_10_399_3cog.1.A_swissmodel_GLU_PLP_1.dlg	-11.15	97	-11.15	97	-5.06	97	-5.06	97	-5.46	44	-3.91	-5.86	95	1	56
Q9Y697_56_457_5usr.1.A_swissmodel_GLU_PLP_2.dlg	-11.1	65	-11.06	20	-5.64	65	-6.96	20	-6.96	20	-6.05	-7.23	93	2	13
P21549_1_392_4i8a_pdb_GLU_PLP_1.dlg	-8.63	31	-8.63	31	-5.37	31	-5.37	31	-5.37	31	-3.92	-6.49	53	1	27
Q9Y697_67_457_5kz5_pdb_GLU_PLP_3.dlg
Q9HD40_1_501_3hl2_pdb_GLU_PLP_4.dlg	-13.95	88	-13.11	82	-6.65	88	-8.89	82	-9.23	4	-8.53	-9.23	4	3	28
O15382_28_392_2hgx_pdb_GLU_PLP_2.dlg	-14.11	52	-14.11	52	-6.32	52	-6.32	52	-7.12	17	-6.26	-9.23	21	1	37
P34897_17_504_3ou5_pdb_GLU_PLP_1.dlg	-7.97	8	-7.71	100	-5.31	8	-4.1	100	-5.23	17	-4.22	-6.05	58	2	30
P11926_1_461_2oo0_pdb_GLU_PLP_2.dlg	-8.85	90	-7.04	93	-3.13	90	-1.66	93	-2.14	87	-1.57	-5.96	41	3	36
P19113_2_477_4e1o.1.A_swissmodel_GLU_PLP_2.dlg	-12.09	10	-12.09	10	-5.82	10	-5.82	10	-6.15	24	-5.6	-6.71	75	1	90
Q16773_3_421_4ge9.1.A_swissmodel_GLU_PLP_2.dlg	-9.14	49	-9.14	49	-6.28	49	-6.28	49	-6.58	64	-5.6	-6.66	48	1	32
P0DN79_43_545_4pcu.1.A_swissmodel_GLU_PLP_2.dlg	-9.22	67	-8.2	40	-5.97	67	-2.79	40	-4.11	39	-2.99	-6.62	48	3	29
Q6YP21_41_450_3e2y.1.A_swissmodel_GLU_PLP_1.dlg	-17.0	39	-17.0	39	-8.04	39	-8.04	39	-8.59	44	-7.53	-8.59	44	1	40
Q8N5Z0_1_425_5eun_pdb_GLU_PLP_1.dlg	-11.95	90	-11.95	90	-5.27	90	-5.27	90	-5.27	90	-4.36	-6.02	13	1	89
P54687_1_386_2coi_pdb_GLU_PLP_2.dlg	-13.18	92	-13.18	92	-5.65	92	-5.65	92	-6.1	25	-5.21	-7.08	94	1	96
Q9HD40_1_501_3hl2_pdb_GLU_PLP_1.dlg	-14.58	8	-14.58	8	-8.16	8	-8.16	8	-8.56	45	-7.69	-8.75	46	1	60
O15382_28_392_1kta_pdb_GLU_PLP_1.dlg	-14.12	5	-14.12	5	-6.51	5	-6.51	5	-6.88	87	-6.28	-8.04	62	1	95
P06737_24_832_3cem_pdb_GLU_PLP_2.dlg	-12.83	13	-12.83	13	-6.9	13	-6.9	13	-7.08	27	-5.61	-7.4	25	1	51
Q99259_90_594_3vp6_pdb_GLU_PLP_2.dlg	-14.71	8	-14.71	8	-6.53	8	-6.53	8	-7.1	58	-6.13	-7.4	5	1	81
Q8N5Z0_1_425_3dc1_pdb_GLU_PLP_2.dlg	-12.85	80	-12.85	80	-6.56	80	-6.56	80	-6.57	6	-5.57	-7.09	32	1	30
P13196_240_598_3tqx.1.A_swissmodel_GLU_PLP_1.dlg	-11.39	66	-10.55	1	-6.13	66	-6.39	1	-6.39	1	-5.7	-6.81	98	2	41
O15382_28_392_5bwv_pdb_GLU_PLP_1.dlg	-15.2	2	-15.2	2	-7.24	2	-7.24	2	-7.51	22	-6.86	-9.2	62	1	48
O15382_28_392_5i5y_pdb_GLU_PLP_2.dlg	-14.61	63	-14.61	63	-6.06	63	-6.06	63	-7.09	38	-6.05	-9.11	15	1	62
P06737_1_847_2zb2_pdb_GLU_PLP_1.dlg	-10.57	85	-10.57	85	-4.96	85	-4.96	85	-4.98	90	-4.33	-6.17	44	1	59
O75600_74_419_2x8u.1.A_swissmodel_GLU_PLP_1.dlg	-9.47	51	-9.13	82	-5.94	51	-6.64	82	-6.9	24	-6.31	-6.9	24	2	37
P00505_30_430_5ax8_pdb_GLU_PLP_1.dlg	-12.88	74	-12.76	90	-8.77	74	-8.56	90	-8.81	20	-8.21	-8.89	78	2	32
Q9NUV7_155_530_2x8u.1.A_swissmodel_GLU_PLP_2.dlg	-9.63	43	-8.87	7	-6.05	43	-4.88	7	-5.28	95	-4.25	-6.2	64	2	41
O15270_177_540_2bwp.1.A_swissmodel_GLU_PLP_2.dlg	-7.21	7	-6.84	55	-3.78	7	-4.98	55	-5.43	9	-4.43	-6.28	3	2	40
P21549_1_392_3r9a_pdb_GLU_PLP_2.dlg	-9.95	22	-9.95	22	-4.7	22	-4.7	22	-5.06	34	-4.08	-7.23	77	1	43
O95470_111_553_4q6r.1.A_swissmodel_GLU_PLP_2.dlg	-12.48	40	-11.22	80	-7.02	40	-7.11	80	-7.56	30	-6.8	-7.56	30	4	49
Q9HD40_1_501_4zdl_pdb_GLU_PLP_4.dlg	-14.21	20	-13.99	80	-6.67	20	-9.12	80	-9.19	10	-8.66	-9.19	10	3	36
P32929_1_402_2nmp_pdb_GLU_PLP_2.dlg	-7.82	81	-7.29	28	-5.72	81	-4.27	28	-4.66	61	-4.17	-5.72	81	4	17
P17735_41_444_3dyd_pdb_GLU_PLP_1.dlg	-9.62	82	-8.63	70	-5.14	82	-6.94	70	-6.94	70	-6.11	-6.94	70	2	47
O15382_28_392_5i5t_pdb_GLU_PLP_1.dlg	-14.83	25	-14.83	25	-6.13	25	-6.13	25	-6.61	51	-6.18	-8.25	85	1	41
P54687_21_386_2abj.1.A_swissmodel_GLU_PLP_2.dlg	-10.56	85	-9.35	51	-5.02	85	-6.15	51	-6.7	17	-5.94	-6.7	17	4	31
P06737_1_847_1l5r_pdb_GLU_PLP_1.dlg	-11.77	19	-11.72	2	-7.0	19	-5.55	2	-6.23	73	-5.2	-7.5	13	2	35
P06737_24_832_3cej_pdb_GLU_PLP_2.dlg	-11.96	70	-11.96	70	-6.26	70	-6.26	70	-6.26	70	-5.46	-8.4	17	1	29
Q8NHS2_5_399_3wzf.1.A_swissmodel_GLU_PLP_2.dlg	-9.86	15	-8.76	56	-6.86	15	-4.68	56	-4.68	56	-3.69	-6.86	15	3	18
P04181_1_439_1oat_pdb_GLU_PLP_1.dlg	-9.17	43	-8.61	72	-4.72	43	-4.57	72	-5.13	83	-4.58	-6.34	66	3	42
P13196_189_573_3hqt.1.A_swissmodel_GLU_PLP_2.dlg	-9.28	67	-9.28	67	-3.5	67	-3.5	67	-3.98	37	-3.45	-7.37	46	1	25
P11216_22_840_5iko.1.A_swissmodel_GLU_PLP_3.dlg	-11.22	13	-10.59	53	-5.69	13	-6.07	53	-6.43	48	-5.8	-6.43	48	2	48
P21549_1_392_4cbs_pdb_GLU_PLP_2.dlg	-12.92	10	-12.92	10	-6.98	10	-6.98	10	-8.19	100	-6.26	-8.19	100	1	74
P06737_24_832_3ceh_pdb_GLU_PLP_1.dlg	-12.36	21	-11.34	3	-7.08	21	-6.62	3	-7.6	39	-6.31	-7.75	78	2	36
P00505_32_430_5ax8.2.B_swissmodel_GLU_PLP_2.dlg	-12.45	94	-12.23	63	-9.4	94	-6.59	63	-6.64	79	-5.51	-9.51	65	2	17
Q8N5Z0_2_425_2vgz_pdb_GLU_PLP_1.dlg	-12.24	13	-12.24	13	-5.84	13	-5.84	13	-6.21	76	-5.25	-7.9	16	1	32
P17174_14_412_3ii0_pdb_GLU_PLP_1.dlg	-16.64	100	-16.64	100	-8.86	100	-8.86	100	-9.18	45	-7.52	-9.18	45	1	86
P34897_43_504_4pvf.1.A_swissmodel_GLU_PLP_1.dlg	-8.96	45	-8.96	45	-4.67	45	-4.67	45	-4.76	93	-3.94	-6.94	99	1	27
O15270_145_538_1fc4.1.A_swissmodel_GLU_PLP_2.dlg	-5.91	84	-2.93	89	-3.1	84	-3.48	89	-6.49	24	-3.78	-6.49	24	4	29
Q8N5Z0_1_425_2r2n_pdb_GLU_PLP_1.dlg	-15.81	76	-15.81	76	-7.6	76	-7.6	76	-7.78	4	-6.31	-9.06	42	1	71
O15382_28_392_2a1h_pdb_GLU_PLP_2.dlg	-13.93	17	-13.93	17	-5.81	17	-5.81	17	-6.68	45	-5.82	-9.81	4	1	63
P06737_6_839_1fa9.1.A_swissmodel_GLU_PLP_2.dlg	-12.57	33	-12.57	33	-7.07	33	-7.07	33	-7.09	52	-6.42	-7.32	62	1	83
P23378_53_1006_4lgl.1.A_swissmodel_GLU_PLP_2.dlg	-7.88	23	-6.96	74	-4.55	23	-4.96	74	-5.03	59	-4.23	-5.03	59	4	33
P22557_194_547_1fc4.1.A_swissmodel_GLU_PLP_1.dlg	-13.59	12	-13.59	12	-6.57	12	-6.57	12	-7.08	26	-6.43	-7.08	26	1	98
P34897_43_504_4pvf.1.A_swissmodel_GLU_PLP_2.dlg	-9.24	65	-9.24	65	-5.81	65	-5.81	65	-5.94	80	-5.35	-6.23	50	1	74
P11216_1_843_5iko_pdb_GLU_PLP_1.dlg	-12.59	55	-12.35	73	-5.83	55	-6.93	73	-6.93	73	-6.36	-6.93	73	2	34
Q16773_4_422_4wp0.1.A_swissmodel_GLU_PLP_2.dlg	-12.97	71	-12.97	71	-5.82	71	-5.82	71	-6.83	98	-5.35	-7.13	46	1	80
O15382_28_392_5bww_pdb_GLU_PLP_1.dlg	-14.96	86	-14.96	86	-7.1	86	-7.1	86	-7.19	26	-6.76	-8.9	78	1	52
P32929_1_402_3cog_pdb_GLU_PLP_1.dlg	-11.2	18	-11.2	18	-5.08	18	-5.08	18	-5.1	31	-3.98	-5.86	41	1	53
Q9HD40_1_501_4zdl_pdb_GLU_PLP_1.dlg	-14.58	48	-12.6	96	-7.24	48	-9.4	96	-9.4	96	-8.54	-9.4	96	2	20
P21549_1_392_4kyo_pdb_GLU_PLP_2.dlg	-10.35	19	-10.35	19	-5.89	19	-5.89	19	-6.7	36	-5.19	-6.7	36	1	48
Q9Y697_67_457_5kz5_pdb_GLU_PLP_12.dlg
Q8N5Z0_1_425_5tf5_pdb_GLU_PLP_2.dlg	-13.46	47	-13.46	47	-5.64	47	-5.64	47	-6.7	53	-5.74	-7.25	52	1	98
P34897_17_504_3ou5_pdb_GLU_PLP_2.dlg	-7.75	58	-7.3	84	-4.98	58	-4.16	84	-5.14	28	-4.29	-5.97	48	5	25
P04181_36_439_2byj.1.A_swissmodel_GLU_PLP_2.dlg	-10.96	39	-10.43	11	-6.36	39	-5.77	11	-5.97	61	-5.39	-6.42	3	2	29
Q4AC99_168_554_3ath.1.A_swissmodel_GLU_PLP_2.dlg	-6.76	29	-6.76	29	-5.31	29	-5.31	29	-5.76	50	-4.78	-5.85	7	1	27
O15382_28_392_5i5y_pdb_GLU_PLP_1.dlg	-14.02	51	-14.02	51	-5.98	51	-5.98	51	-6.34	28	-5.75	-8.3	8	1	39
O75600_41_418_3tqx.1.A_swissmodel_GLU_PLP_1.dlg	-11.63	63	-11.63	63	-6.5	63	-6.5	63	-6.83	1	-6.15	-6.83	1	1	83
P34897_43_504_4pvf.1.A_swissmodel_GLU_PLP_3.dlg	-9.08	74	-9.08	74	-6.12	74	-6.12	74	-6.12	74	-5.59	-6.9	51	1	30
P11216_1_843_5iko_pdb_GLU_PLP_4.dlg	-11.48	79	-11.15	88	-5.93	79	-6.72	88	-6.94	34	-6.29	-6.94	34	2	56
Q96I15_8_445_3gzd_pdb_GLU_PLP_1.dlg	-10.96	90	-10.35	29	-6.48	90	-6.16	29	-6.55	55	-5.6	-7.2	75	2	65
Q16773_1_422_1w7n_pdb_GLU_PLP_2.dlg	-15.21	40	-15.21	40	-6.14	40	-6.14	40	-6.5	65	-5.43	-9.01	52	1	82
P21549_6_392_3r9a.1.A_swissmodel_GLU_PLP_2.dlg	-10.23	87	-10.23	87	-5.22	87	-5.22	87	-5.22	87	-4.22	-7.01	88	1	47
P24298_19_495_3tcm.1.A_swissmodel_GLU_PLP_1.dlg	-12.62	26	-8.98	16	-6.74	26	-3.06	16	-3.26	73	-2.7	-7.5	33	3	49
Q16773_3_421_4ge9.1.A_swissmodel_GLU_PLP_1.dlg	-9.13	82	-9.13	82	-4.23	82	-4.23	82	-4.51	8	-3.58	-5.21	23	1	34
P04181_38_439_2can_pdb_GLU_PLP_2.dlg	-11.47	29	-9.9	34	-6.0	29	-5.34	34	-5.68	95	-4.95	-6.14	76	2	65
Q8N5Z0_1_425_4ge4_pdb_GLU_PLP_2.dlg	-14.45	31	-14.45	31	-6.73	31	-6.73	31	-7.24	32	-6.25	-9.19	20	1	58
