HIS	Best Cluster (kcal/mol)	Run	Largest Cluster (kcal/mol)	Run	Best Cluster Res (kcal/mol)	Run	Largest Cluster Res (kcal/mol)	Run	Largest Cluster Res Best (kcal/mol)	Run	Largest Cluster Res Mean (kcal/mol)	bestbest (kcal/mol)	Run	Largest Cluster	Num in Largest Cluster
Q9BYV1_52_496_5g4i.1.A_swissmodel_HIS_PLP_1.dlg	-9.73	52	-9.73	52	-4.46	52	-4.46	52	-4.65	47	-3.93	-4.88	2	1	23
P54687_21_386_2abj.1.A_swissmodel_HIS_PLP_1.dlg	-10.73	27	-10.01	17	-5.43	27	-3.57	17	-3.77	67	-3.48	-5.96	54	5	25
Q16773_1_422_4wlh_pdb_HIS_PLP_2.dlg	-12.69	89	-8.99	57	-4.25	89	-5.0	57	-5.6	92	-5.02	-5.76	51	4	36
P32929_10_399_3cog.1.A_swissmodel_HIS_PLP_4.dlg	-9.76	24	-9.76	24	-4.91	24	-4.91	24	-4.93	12	-3.31	-5.75	53	1	39
P21549_1_392_3r9a_pdb_HIS_PLP_2.dlg	-11.41	57	-11.41	57	-4.74	57	-4.74	57	-5.25	68	-4.35	-6.53	22	1	40
O15382_28_392_5i5y_pdb_HIS_PLP_1.dlg	-13.67	97	-13.67	97	-4.85	97	-4.85	97	-5.72	13	-4.63	-7.51	51	1	30
P54687_21_386_2abj_pdb_HIS_PLP_2.dlg	-12.21	80	-12.21	80	-4.9	80	-4.9	80	-4.98	64	-4.53	-6.61	34	1	34
P34897_22_504_4pvf_pdb_HIS_PLP_2.dlg	-10.79	32	-10.79	32	-5.14	32	-5.14	32	-5.71	93	-5.01	-5.71	93	1	16
O15382_28_392_5bww_pdb_HIS_PLP_2.dlg	-14.88	41	-13.86	66	-6.35	41	-7.78	66	-7.78	66	-7.25	-7.95	47	3	32
Q8N5Z0_1_425_4ge4_pdb_HIS_PLP_2.dlg	-14.95	94	-14.95	94	-5.32	94	-5.32	94	-6.07	79	-5.13	-6.21	68	1	74
O15382_28_392_1ekv_pdb_HIS_PLP_1.dlg	-13.81	48	-13.37	94	-5.4	48	-6.46	94	-6.63	85	-5.95	-6.82	53	3	30
P54687_21_386_2abj_pdb_HIS_PLP_1.dlg	-12.89	92	-12.89	92	-5.38	92	-5.38	92	-5.85	64	-4.51	-7.49	36	1	46
O15382_28_392_5i5y_pdb_HIS_PLP_2.dlg	-14.02	79	-14.02	79	-5.06	79	-5.06	79	-5.54	22	-4.69	-7.68	25	1	42
O15382_28_392_1kt8_pdb_HIS_PLP_1.dlg	-13.69	79	-13.67	84	-4.88	79	-6.2	84	-6.32	42	-5.05	-6.32	42	2	51
P34896_11_480_1bj4_pdb_HIS_PLP_1.dlg	-10.41	54	-10.41	54	-5.67	54	-5.67	54	-5.67	54	-4.82	-5.85	88	1	22
Q16773_1_422_4wlh_pdb_HIS_PLP_1.dlg	-12.78	56	-12.78	56	-5.17	56	-5.17	56	-5.64	77	-4.55	-5.64	77	1	50
O15270_112_537_4bmk.1.A_swissmodel_HIS_PLP_1.dlg	-11.64	21	-11.64	21	-4.18	21	-4.18	21	-5.34	76	-4.4	-5.34	76	1	87
P21549_1_392_4kyo_pdb_HIS_PLP_1.dlg	-8.63	7	-7.02	47	-4.27	7	-4.75	47	-5.5	75	-4.5	-5.72	32	6	24
O15382_28_392_5cr5_pdb_HIS_PLP_1.dlg	-14.19	67	-14.19	67	-4.67	67	-4.67	67	-5.53	60	-4.68	-7.71	97	1	59
O95470_62_568_4q6r_pdb_HIS_PLP_1.dlg	-13.84	93	-13.84	93	-5.72	93	-5.72	93	-6.05	39	-5.58	-6.88	6	1	37
P32929_10_399_3cog.1.A_swissmodel_HIS_PLP_2.dlg	-8.47	3	-8.24	15	-2.79	3	-3.62	15	-3.79	86	-3.24	-5.13	45	3	15
P06737_1_847_1l5s_pdb_HIS_PLP_3.dlg	-12.57	91	-12.57	91	-4.53	91	-4.53	91	-5.51	12	-3.92	-6.12	79	1	27
O94903_12_248_1ct5.1.A_swissmodel_HIS_PLP_1.dlg	-9.3	82	-8.39	23	-2.68	82	-3.41	23	-4.0	25	-3.44	-5.24	96	4	16
P06737_1_847_1l5r_pdb_HIS_PLP_1.dlg	-12.49	64	-12.24	88	-4.39	64	-5.45	88	-6.09	69	-5.11	-6.3	31	2	23
P17735_41_444_3dyd.1.A_swissmodel_HIS_PLP_1.dlg	-11.47	44	-9.9	69	-3.58	44	-3.97	69	-4.03	91	-3.83	-6.3	65	4	19
Q16773_1_422_1w7l_pdb_HIS_PLP_2.dlg	-12.53	4	-9.34	92	-5.04	4	-3.44	92	-4.37	57	-3.61	-5.48	78	4	31
P06737_1_847_1exv_pdb_HIS_PLP_2.dlg	-13.22	60	-13.22	60	-4.6	60	-4.6	60	-5.32	30	-4.12	-6.62	32	1	29
Q16773_1_422_1w7n_pdb_HIS_PLP_1.dlg	-16.13	10	-16.13	10	-5.14	10	-5.14	10	-5.73	22	-4.34	-7.95	89	1	87
P32929_1_405_3elp_pdb_HIS_PLP_2.dlg	-9.66	45	-9.5	96	-2.99	45	-4.78	96	-5.03	70	-4.66	-5.59	86	2	15
Q96EN8_35_495_5j8q.1.A_swissmodel_HIS_PLP_2.dlg	-9.29	87	-9.29	87	-4.09	87	-4.09	87	-4.1	74	-3.87	-5.08	93	1	15
Q96I15_8_445_3gzd_pdb_HIS_PLP_1.dlg	-10.27	55	-10.27	55	-5.12	55	-5.12	55	-5.24	3	-4.72	-5.64	86	1	41
P06737_2_847_1fc0_pdb_HIS_PLP_1.dlg	-12.9	21	-11.45	53	-3.84	21	-4.92	53	-6.36	29	-5.14	-6.36	29	6	15
Q96GA7_11_328_2rkb.1.A_swissmodel_HIS_PLP_1.dlg	-11.74	22	-9.34	98	-6.14	22	-2.22	98	-2.58	26	-2.28	-6.21	69	16	11
P00505_32_430_5ax8.2.B_swissmodel_HIS_PLP_1.dlg	-13.81	47	-13.81	47	-4.42	47	-4.42	47	-4.61	12	-4.26	-6.54	54	1	38
Q9HD40_1_501_3hl2_pdb_HIS_PLP_4.dlg	-13.86	60	-13.06	2	-6.6	60	-5.9	2	-6.09	59	-5.67	-6.8	43	4	24
Q16773_1_422_3fvx_pdb_HIS_PLP_1.dlg	-12.8	44	-12.47	91	-4.85	44	-4.79	91	-6.13	39	-4.8	-6.13	39	2	37
Q96GA7_11_328_2rkb_pdb_HIS_PLP_1.dlg	-12.53	55	-10.13	12	-4.84	55	-4.78	12	-5.54	79	-4.6	-6.25	24	8	13
P32929_1_402_3cog_pdb_HIS_PLP_4.dlg	-10.46	9	-10.46	9	-4.3	9	-4.3	9	-5.59	32	-3.26	-5.88	99	1	41
O15270_177_540_2bwp.1.A_swissmodel_HIS_PLP_1.dlg	-7.84	31	-7.84	31	-3.82	31	-3.82	31	-4.14	21	-3.65	-6.19	12	1	26
Q9HD40_1_501_4zdl_pdb_HIS_PLP_1.dlg	-13.68	64	-13.68	64	-4.94	64	-4.94	64	-5.61	72	-5.03	-6.02	26	1	45
P0DN79_41_550_4l3v.1.A_swissmodel_HIS_PLP_2.dlg	-7.13	30	-7.13	30	-3.3	30	-3.3	30	-3.3	30	-2.0	-4.36	57	1	29
Q9Y697_67_457_5kz5_pdb_HIS_PLP_11.dlg
P34897_43_504_4pvf.1.A_swissmodel_HIS_PLP_2.dlg	-9.35	41	-8.68	16	-4.77	41	-4.32	16	-4.85	72	-4.58	-5.18	59	4	24
P06737_1_847_1l5s_pdb_HIS_PLP_4.dlg	-12.12	77	-11.43	90	-4.05	77	-5.69	90	-6.55	18	-5.19	-6.55	18	6	45
O15382_28_392_5i5x_pdb_HIS_PLP_1.dlg	-13.68	19	-13.68	19	-5.4	19	-5.4	19	-5.71	17	-5.15	-6.72	70	1	20
P54687_1_386_2cog_pdb_HIS_PLP_1.dlg	-12.37	22	-12.37	22	-5.23	22	-5.23	22	-5.82	38	-4.78	-6.96	84	1	62
Q9GZT4_3_329_3l6r.1.A_swissmodel_HIS_PLP_1.dlg	-13.26	5	-12.97	91	-6.08	5	-6.16	91	-6.16	91	-5.65	-6.18	9	2	46
P21549_1_392_1j04_pdb_HIS_PLP_1.dlg	-13.28	74	-13.28	74	-6.09	74	-6.09	74	-6.21	50	-5.66	-6.28	60	1	42
Q9Y697_56_457_5usr.1.A_swissmodel_HIS_PLP_1.dlg	-10.04	56	-10.04	56	-5.18	56	-5.18	56	-5.44	35	-5.06	-5.67	27	1	25
Q9Y697_67_457_5kz5_pdb_HIS_PLP_1.dlg
P32929_1_402_3cog_pdb_HIS_PLP_3.dlg	-11.15	79	-6.14	18	-4.0	79	-3.57	18	-3.84	50	-2.7	-7.12	85	2	26
Q9HD40_1_501_4zdp_pdb_HIS_PLP_4.dlg	-14.05	12	-13.14	82	-7.04	12	-4.47	82	-5.7	38	-5.04	-7.12	65	4	16
Q8IUZ5_10_438_5g4i.1.A_swissmodel_HIS_PLP_2.dlg	-12.79	75	-12.09	26	-6.05	75	-5.94	26	-6.36	14	-5.92	-7.3	37	4	24
Q16773_1_422_1w7l_pdb_HIS_PLP_1.dlg	-12.78	24	-12.78	24	-5.1	24	-5.1	24	-5.22	42	-4.38	-7.15	57	1	42
Q8N5Z0_1_425_4ge9_pdb_HIS_PLP_1.dlg	-14.48	44	-14.48	44	-4.4	44	-4.4	44	-5.84	14	-4.57	-8.1	89	1	21
Q16773_4_422_4wp0.1.A_swissmodel_HIS_PLP_2.dlg	-13.39	64	-13.39	64	-5.6	64	-5.6	64	-6.09	25	-5.02	-6.37	90	1	82
O75600_74_419_2x8u.1.A_swissmodel_HIS_PLP_1.dlg	-10.72	14	-10.72	14	-5.17	14	-5.17	14	-5.37	96	-5.06	-5.37	96	1	23
Q9Y697_56_457_5usr.1.A_swissmodel_HIS_PLP_2.dlg	-10.55	81	-10.53	98	-4.44	81	-2.31	98	-2.88	60	-2.5	-6.09	39	2	19
Q99259_93_593_2okj.1.A_swissmodel_HIS_PLP_2.dlg	-12.09	43	-10.8	18	-4.22	43	-5.65	18	-6.21	56	-5.81	-6.21	56	3	15
Q16773_3_421_4ge9.1.A_swissmodel_HIS_PLP_2.dlg	-10.63	37	-10.63	37	-6.55	37	-6.55	37	-6.61	22	-6.04	-6.61	22	1	49
Q9HD40_1_501_4zdp_pdb_HIS_PLP_2.dlg	-13.68	19	-13.26	36	-5.62	19	-4.19	36	-4.41	3	-3.74	-7.13	100	2	21
P06737_24_832_3ceh_pdb_HIS_PLP_2.dlg	-11.95	33	-11.6	66	-4.47	33	-5.37	66	-5.81	10	-5.38	-6.21	90	2	19
O15270_112_537_4bmk.1.A_swissmodel_HIS_PLP_2.dlg	-12.52	70	-12.52	70	-4.79	70	-4.79	70	-5.6	83	-4.53	-5.6	83	1	83
P11926_7_427_1d7k_pdb_HIS_PLP_1.dlg	-10.73	46	-10.6	40	-6.14	46	-3.63	40	-5.11	17	-4.18	-6.48	76	2	16
P04181_1_439_2oat_pdb_HIS_PLP_1.dlg	-11.09	30	-10.88	69	-6.03	30	-5.78	69	-5.78	69	-4.45	-6.18	16	2	19
P21549_1_392_4cbs_pdb_HIS_PLP_2.dlg	-10.8	90	-10.8	90	-4.95	90	-4.95	90	-5.49	99	-4.6	-5.92	69	1	58
Q86YJ6_1_470_1kl7.1.A_swissmodel_HIS_PLP_1.dlg	-10.58	71	-10.58	71	-2.87	71	-2.87	71	-3.53	91	-3.0	-6.15	75	1	58
P11216_1_843_5iko_pdb_HIS_PLP_4.dlg	-12.59	65	-12.16	42	-4.36	65	-5.11	42	-5.56	56	-5.04	-5.6	43	2	34
P23378_53_1006_4lgl.1.A_swissmodel_HIS_PLP_1.dlg	-8.73	96	-8.73	96	-3.25	96	-3.25	96	-3.7	38	-3.07	-4.57	13	1	40
Q9HD40_1_501_3hl2_pdb_HIS_PLP_1.dlg	-13.7	7	-13.7	7	-6.18	7	-6.18	7	-6.71	48	-6.1	-6.71	48	1	59
Q9HD40_1_501_4zdl_pdb_HIS_PLP_2.dlg	-13.63	38	-13.63	38	-5.3	38	-5.3	38	-5.7	4	-5.28	-6.28	30	1	49
P00505_32_430_5ax8.2.B_swissmodel_HIS_PLP_2.dlg	-13.48	34	-12.13	15	-4.27	34	-4.05	15	-4.42	29	-3.61	-7.01	73	4	22
O15382_28_392_5i60_pdb_HIS_PLP_2.dlg	-13.65	93	-11.65	79	-7.65	93	-3.88	79	-4.68	18	-3.81	-7.99	27	6	31
Q9BYV1_65_508_5g4i.1.A_swissmodel_HIS_PLP_2.dlg	-9.39	62	-7.8	55	-2.82	62	-2.72	55	-3.17	60	-2.76	-4.92	38	4	23
P20711_1_480_3rbf_pdb_HIS_PLP_2.dlg	-9.84	48	-9.4	9	-5.5	48	-2.51	9	-3.39	46	-2.61	-6.5	44	4	17
Q9Y697_67_457_5kz5_pdb_HIS_PLP_12.dlg
P54687_1_386_2cog_pdb_HIS_PLP_2.dlg	-12.74	16	-12.74	16	-4.85	16	-4.85	16	-6.34	76	-4.57	-6.91	35	1	51
Q96GA7_11_328_2rkb_pdb_HIS_PLP_2.dlg	-12.54	96	-9.92	43	-4.62	96	-2.8	43	-3.08	33	-2.62	-6.54	75	12	19
O15382_28_392_1kta_pdb_HIS_PLP_1.dlg	-14.18	2	-13.47	98	-4.96	2	-4.85	98	-5.51	29	-4.83	-6.33	24	2	38
P17174_2_413_3wzf_pdb_HIS_PLP_2.dlg	-12.39	90	-11.99	28	-4.95	90	-3.78	28	-3.87	66	-3.12	-8.33	91	3	33
Q8TBG4_7_438_4ysn.1.A_swissmodel_HIS_PLP_3.dlg	-7.66	63	-7.66	63	-3.25	63	-3.25	63	-5.03	47	-2.84	-5.5	74	1	23
O15382_28_392_5i5u_pdb_HIS_PLP_2.dlg	-14.33	55	-14.17	4	-5.86	55	-8.05	4	-8.05	4	-7.03	-8.05	4	2	40
P20711_1_480_3rbf.1.B_swissmodel_HIS_PLP_1.dlg	-10.11	4	-10.11	4	-3.89	4	-3.89	4	-3.94	85	-3.52	-5.44	83	1	20
P34896_8_483_1eji.1.D_swissmodel_HIS_PLP_3.dlg	-9.36	28	-9.03	13	-4.53	28	-4.64	13	-4.76	99	-4.29	-5.02	16	2	26
O15382_28_392_5i5x_pdb_HIS_PLP_2.dlg	-13.92	28	-13.58	64	-5.0	28	-4.41	64	-5.44	26	-4.47	-6.72	66	3	37
P19113_2_477_4e1o.1.A_swissmodel_HIS_PLP_1.dlg	-12.85	70	-12.85	70	-5.18	70	-5.18	70	-5.56	55	-5.2	-5.73	17	1	54
P54687_1_386_2coi_pdb_HIS_PLP_1.dlg	-12.27	30	-12.27	30	-4.18	30	-4.18	30	-4.95	92	-4.08	-6.91	70	1	60
Q9HD40_1_501_4zdl_pdb_HIS_PLP_4.dlg	-13.64	76	-13.64	76	-5.57	76	-5.57	76	-5.79	51	-5.3	-6.15	16	1	37
Q16719_6_460_2hzp.1.A_swissmodel_HIS_PLP_1.dlg	-8.97	89	-8.97	89	-2.12	89	-2.12	89	-2.33	92	-1.87	-5.33	91	1	28
P11217_13_837_3zcp.1.A_swissmodel_HIS_PLP_1.dlg	-12.67	10	-12.67	10	-5.32	10	-5.32	10	-6.05	29	-5.41	-6.05	29	1	49
O15382_28_392_2a1h_pdb_HIS_PLP_2.dlg	-14.38	84	-14.38	84	-4.95	84	-4.95	84	-6.05	69	-4.65	-8.09	94	1	42
O15382_28_392_5i5u_pdb_HIS_PLP_1.dlg	-14.62	73	-14.02	62	-6.2	73	-7.21	62	-7.33	64	-6.8	-7.33	64	3	48
Q16773_1_422_3fvu_pdb_HIS_PLP_1.dlg	-12.35	64	-12.35	64	-5.47	64	-5.47	64	-5.47	64	-4.85	-7.02	52	1	44
P24298_19_495_3tcm.1.A_swissmodel_HIS_PLP_2.dlg	-11.35	29	-11.35	29	-6.66	29	-6.66	29	-7.06	95	-6.58	-7.06	95	1	36
O15382_28_392_1ekv_pdb_HIS_PLP_2.dlg	-13.98	86	-13.98	86	-6.85	86	-6.85	86	-7.42	75	-6.65	-7.42	75	1	36
P06737_1_847_1exv_pdb_HIS_PLP_1.dlg	-13.18	42	-11.88	22	-4.69	42	-5.2	22	-6.07	54	-5.1	-6.58	47	3	27
Q96QU6_55_475_1m7y.1.A_swissmodel_HIS_PLP_2.dlg	-12.74	60	-9.44	22	-5.53	60	-3.26	22	-3.53	46	-3.1	-6.31	16	8	12
Q16773_1_422_3fvs_pdb_HIS_PLP_1.dlg	-12.89	3	-12.52	35	-4.89	3	-4.81	35	-6.52	64	-5.02	-6.52	64	2	27
P17735_41_444_3dyd_pdb_HIS_PLP_1.dlg	-11.19	52	-10.76	62	-6.12	52	-3.25	62	-4.19	17	-3.25	-6.39	72	2	25
P06737_1_847_1l5q_pdb_HIS_PLP_2.dlg	-12.14	64	-11.02	81	-5.78	64	-5.71	81	-6.37	89	-5.46	-6.37	89	6	26
O15382_28_392_5i5t_pdb_HIS_PLP_2.dlg	-14.03	74	-12.48	10	-5.09	74	-4.52	10	-5.45	24	-4.45	-7.89	30	5	22
P23378_53_1006_4lgl.1.A_swissmodel_HIS_PLP_2.dlg	-7.77	82	-7.77	82	-3.25	82	-3.25	82	-4.05	68	-3.2	-4.66	2	1	26
P13196_199_595_2bwp.1.A_swissmodel_HIS_PLP_2.dlg	-9.0	45	-8.84	67	-5.11	45	-3.52	67	-4.26	77	-3.61	-5.94	5	2	21
O15382_28_392_5cr5_pdb_HIS_PLP_2.dlg	-13.6	88	-13.6	88	-4.43	88	-4.43	88	-4.9	15	-4.53	-7.61	43	1	32
Q9Y697_67_457_5kz5_pdb_HIS_PLP_8.dlg
Q99259_93_594_2okj_pdb_HIS_PLP_1.dlg	-12.49	60	-9.44	26	-6.57	60	-4.79	26	-4.9	51	-4.38	-6.57	60	13	20
Q6YP21_41_450_3e2y.1.A_swissmodel_HIS_PLP_1.dlg	-16.31	83	-16.31	83	-6.43	83	-6.43	83	-6.76	9	-6.11	-7.58	91	1	56
O15382_28_392_2hdk_pdb_HIS_PLP_2.dlg	-13.77	11	-13.77	11	-4.81	11	-4.81	11	-5.37	40	-4.56	-7.74	17	1	51
P54687_21_386_2abj.1.A_swissmodel_HIS_PLP_2.dlg	-11.31	97	-10.42	14	-4.97	97	-5.36	14	-5.79	61	-5.23	-5.79	61	2	22
P21549_1_392_4i8a_pdb_HIS_PLP_1.dlg	-7.61	20	-7.28	21	-4.68	20	-3.67	21	-3.67	21	-2.63	-5.14	53	3	13
P06737_1_847_1l5q_pdb_HIS_PLP_1.dlg	-13.29	92	-13.29	92	-4.58	92	-4.58	92	-5.61	83	-4.25	-6.68	77	1	23
Q9HD40_1_501_4zdo_pdb_HIS_PLP_3.dlg	-11.73	84	-11.36	89	-3.91	84	-4.44	89	-4.97	95	-4.26	-6.31	68	4	23
Q99259_93_593_2okj.1.A_swissmodel_HIS_PLP_1.dlg	-12.04	95	-12.04	95	-5.59	95	-5.59	95	-6.52	98	-5.47	-6.52	98	1	33
P06737_1_847_1l5q_pdb_HIS_PLP_3.dlg	-13.11	51	-13.11	51	-4.6	51	-4.6	51	-4.92	24	-4.06	-6.16	37	1	29
P17174_2_413_3wzf.1.A_swissmodel_HIS_PLP_2.dlg	-11.73	83	-11.7	31	-7.49	83	-3.62	31	-3.72	38	-3.14	-7.73	62	2	43
Q6ZQY3_35_520_5hsj.1.A_swissmodel_HIS_PLP_1.dlg	-10.26	19	-9.63	74	-4.33	19	-3.52	74	-3.93	69	-3.46	-5.49	75	6	18
P06737_1_847_1l5s_pdb_HIS_PLP_1.dlg	-12.74	2	-11.57	22	-4.52	2	-4.95	22	-6.17	10	-5.11	-6.17	10	2	23
P04181_38_439_2can_pdb_HIS_PLP_1.dlg	-10.27	29	-10.27	29	-4.34	29	-4.34	29	-4.43	84	-3.85	-5.13	74	1	17
O15382_28_392_5bwu_pdb_HIS_PLP_2.dlg	-14.8	73	-14.8	73	-7.23	73	-7.23	73	-7.23	73	-5.27	-7.86	84	1	46
P11926_7_427_1d7k.1.A_swissmodel_HIS_PLP_2.dlg	-9.83	40	-9.72	74	-3.35	40	-5.82	74	-5.93	2	-5.37	-5.93	2	2	19
O15382_28_392_2hgx_pdb_HIS_PLP_1.dlg	-14.18	72	-14.18	72	-5.01	72	-5.01	72	-6.51	7	-4.93	-7.96	87	1	31
Q16773_1_422_4wp0_pdb_HIS_PLP_1.dlg	-13.53	90	-13.53	90	-5.59	90	-5.59	90	-6.33	95	-4.8	-7.07	49	1	76
O15382_28_392_5i5t_pdb_HIS_PLP_1.dlg	-14.07	100	-13.89	29	-5.14	100	-7.06	29	-7.82	81	-6.86	-7.82	81	2	48
P11926_7_427_1d7k.1.A_swissmodel_HIS_PLP_1.dlg	-10.62	90	-9.97	44	-4.94	90	-5.46	44	-5.66	39	-4.03	-5.87	73	2	21
P20711_1_480_3rbf.1.B_swissmodel_HIS_PLP_2.dlg	-10.03	61	-8.95	16	-5.73	61	-5.54	16	-5.9	93	-5.46	-6.1	90	8	18
P22557_151_541_2bwp.1.A_swissmodel_HIS_PLP_2.dlg	-9.61	46	-8.54	19	-3.37	46	-5.15	19	-5.15	19	-4.56	-5.68	38	3	28
P21549_1_388_2yob_pdb_HIS_PLP_1.dlg	-13.8	67	-13.8	67	-6.82	67	-6.82	67	-7.31	83	-6.1	-7.47	70	1	46
Q9Y617_17_370_3e77_pdb_HIS_PLP_2.dlg	-11.48	56	-11.15	68	-3.45	56	-6.5	68	-6.57	98	-6.1	-6.57	98	3	11
P32929_1_402_2nmp_pdb_HIS_PLP_3.dlg	-8.93	14	-8.9	54	-4.21	14	-5.1	54	-5.1	54	-2.59	-6.95	32	2	20
P21549_1_392_4i8a_pdb_HIS_PLP_2.dlg	-7.6	56	-7.6	56	-3.08	56	-3.08	56	-3.38	42	-2.7	-5.05	7	1	15
O15382_28_392_5hne_pdb_HIS_PLP_2.dlg	-13.37	100	-11.49	33	-4.76	100	-3.7	33	-4.33	43	-3.51	-7.58	98	7	27
O15382_28_392_5bwt_pdb_HIS_PLP_2.dlg	-14.25	39	-13.31	86	-6.82	39	-4.26	86	-4.48	91	-4.31	-8.29	2	3	18
Q8N5Z0_1_425_2r2n_pdb_HIS_PLP_2.dlg	-13.54	10	-13.54	35	-4.22	10	-4.58	35	-5.11	37	-4.2	-7.71	54	2	44
P0DN79_41_550_4l3v.1.A_swissmodel_HIS_PLP_1.dlg	-7.58	37	-7.58	37	-3.33	37	-3.33	37	-3.45	7	-1.74	-4.88	91	1	32
Q8N5Z0_1_425_4gdy_pdb_HIS_PLP_2.dlg	-13.27	62	-13.27	62	-4.74	62	-4.74	62	-4.93	10	-4.22	-7.1	40	1	59
P04181_1_439_1oat_pdb_HIS_PLP_1.dlg	-9.64	82	-9.25	25	-4.21	82	-4.78	25	-4.78	25	-4.25	-5.36	42	3	25
Q9Y617_17_370_3e77.1.A_swissmodel_HIS_PLP_1.dlg	-12.13	71	-11.01	88	-5.33	71	-3.92	88	-4.12	38	-3.71	-6.17	36	3	21
P11926_1_461_2on3_pdb_HIS_PLP_2.dlg	-9.98	95	-9.14	76	-5.08	95	-3.93	76	-3.93	76	-3.61	-5.59	49	6	12
O15382_28_392_2hg8_pdb_HIS_PLP_2.dlg	-14.1	53	-14.1	53	-4.73	53	-4.73	53	-4.97	51	-4.58	-8.12	75	1	22
O15270_145_538_1fc4.1.A_swissmodel_HIS_PLP_1.dlg	-6.75	35	-6.75	35	-1.96	35	-1.96	35	-3.24	29	-0.4	-5.38	3	1	18
Q8N5Z0_1_425_5tf5_pdb_HIS_PLP_2.dlg	-13.59	64	-13.59	64	-4.85	64	-4.85	64	-5.55	2	-4.82	-5.92	14	1	52
P80404_39_499_4y0d.1.A_swissmodel_HIS_PLP_1.dlg	-12.1	50	-11.68	42	-4.88	50	-5.17	42	-5.35	73	-4.85	-5.92	61	3	28
P24298_19_495_3tcm.1.A_swissmodel_HIS_PLP_1.dlg	-10.84	64	-10.84	64	-3.44	64	-3.44	64	-3.99	48	-2.82	-5.61	55	1	46
P21549_1_388_2yob_pdb_HIS_PLP_2.dlg	-13.17	24	-13.17	24	-6.57	24	-6.57	24	-6.81	96	-5.88	-7.31	46	1	42
O15382_28_392_5bwx_pdb_HIS_PLP_1.dlg	-14.19	86	-13.44	18	-6.27	86	-7.11	18	-7.78	33	-6.95	-7.78	33	4	42
P34897_22_504_4pvf_pdb_HIS_PLP_4.dlg	-10.31	89	-10.31	89	-5.13	89	-5.13	89	-5.81	18	-5.16	-6.09	41	1	21
P06737_1_847_1l5r_pdb_HIS_PLP_4.dlg	-11.98	68	-11.5	87	-4.36	68	-5.05	87	-6.07	80	-5.14	-6.07	80	4	26
O15382_28_392_5bww_pdb_HIS_PLP_1.dlg	-14.65	84	-14.18	95	-5.25	84	-7.74	95	-7.89	58	-7.29	-7.89	58	2	42
Q16773_1_422_4wp0_pdb_HIS_PLP_2.dlg	-12.55	26	-12.55	26	-5.81	26	-5.81	26	-5.94	35	-4.95	-6.57	97	1	78
O75600_41_418_3tqx.1.A_swissmodel_HIS_PLP_2.dlg	-10.7	57	-10.67	40	-4.09	57	-5.57	40	-5.89	65	-5.45	-5.98	27	2	28
Q9Y600_1_493_2jis_pdb_HIS_PLP_1.dlg	-12.12	64	-10.61	91	-4.76	64	-4.92	91	-5.33	92	-4.83	-6.75	87	5	15
P11216_22_840_5iko.1.A_swissmodel_HIS_PLP_4.dlg	-12.05	17	-12.05	17	-4.71	17	-4.71	17	-5.24	5	-4.66	-5.24	5	1	47
Q9NUV7_155_530_2x8u.1.A_swissmodel_HIS_PLP_2.dlg	-10.37	79	-10.15	75	-5.31	79	-4.63	75	-5.33	5	-4.75	-5.84	63	2	21
Q8N5Z0_1_425_4ge9_pdb_HIS_PLP_2.dlg	-13.72	7	-13.21	68	-4.5	7	-5.25	68	-5.6	14	-5.06	-6.28	65	2	17
P54687_1_386_2coj_pdb_HIS_PLP_1.dlg	-12.21	48	-12.21	48	-3.92	48	-3.92	48	-5.14	75	-3.97	-6.88	82	1	45
P34896_8_483_1eji.1.D_swissmodel_HIS_PLP_2.dlg	-10.15	94	-9.16	6	-5.25	94	-2.75	6	-3.68	79	-2.73	-5.64	4	5	20
Q05329_88_584_2okk_pdb_HIS_PLP_1.dlg	-10.74	29	-10.46	88	-3.5	29	-2.59	88	-3.68	6	-2.59	-6.26	12	3	32
Q9GZT4_1_340_3l6r_pdb_HIS_PLP_1.dlg	-10.76	60	-10.76	60	-4.89	60	-4.89	60	-5.67	24	-5.28	-5.73	76	1	26
Q8N5Z0_1_425_5efs_pdb_HIS_PLP_2.dlg	-13.74	82	-13.7	7	-3.62	82	-4.97	7	-4.97	7	-4.17	-7.88	5	2	50
Q9HD40_1_501_3hl2_pdb_HIS_PLP_2.dlg	-13.12	54	-13.12	54	-5.93	54	-5.93	54	-6.07	39	-5.54	-7.22	77	1	23
P06737_2_847_3ddw_pdb_HIS_PLP_1.dlg	-12.9	50	-11.12	21	-4.68	50	-6.11	21	-6.11	21	-5.05	-6.11	21	3	26
Q6ZQY3_35_521_2jis.1.A_swissmodel_HIS_PLP_1.dlg	-10.22	49	-10.22	49	-5.58	49	-5.58	49	-5.58	49	-5.19	-5.58	49	1	30
P11216_22_840_5iko.1.A_swissmodel_HIS_PLP_1.dlg	-11.94	100	-11.94	100	-4.69	100	-4.69	100	-5.17	21	-4.65	-5.24	6	1	31
P17174_2_413_3wzf_pdb_HIS_PLP_1.dlg	-11.96	97	-11.78	25	-3.93	97	-3.65	25	-4.01	89	-3.28	-7.62	78	2	41
P21549_1_392_4cbr_pdb_HIS_PLP_2.dlg	-11.89	55	-11.89	55	-5.33	55	-5.33	55	-5.9	83	-4.9	-7.8	31	1	37
Q9HD40_19_462_4zdl.1.A_swissmodel_HIS_PLP_2.dlg	-15.35	45	-15.35	45	-6.03	45	-6.03	45	-6.04	26	-5.76	-7.15	66	1	17
P06737_2_847_1fc0_pdb_HIS_PLP_2.dlg	-12.5	67	-11.23	28	-5.77	67	-5.23	28	-5.92	46	-5.18	-5.92	46	7	28
Q8N5Z0_1_425_2xh1_pdb_HIS_PLP_1.dlg	-13.09	32	-13.09	32	-4.28	32	-4.28	32	-4.6	77	-3.96	-7.29	45	1	36
Q9Y600_1_493_2jis_pdb_HIS_PLP_2.dlg	-11.03	54	-11.03	54	-5.44	54	-5.44	54	-5.63	89	-5.15	-5.83	72	1	33
P32929_1_402_3cog_pdb_HIS_PLP_1.dlg	-10.85	17	-10.85	17	-4.55	17	-4.55	17	-5.48	43	-3.45	-5.48	43	1	46
O15382_28_392_5bwv_pdb_HIS_PLP_2.dlg	-14.71	19	-13.97	6	-6.41	19	-5.25	6	-7.11	52	-5.11	-7.88	7	2	35
O75600_24_417_2jg2.1.A_swissmodel_HIS_PLP_2.dlg	-10.35	75	-9.89	85	-5.21	75	-4.15	85	-4.18	41	-3.66	-5.21	75	2	27
O75600_24_417_2jg2.1.A_swissmodel_HIS_PLP_1.dlg	-10.49	64	-10.49	64	-5.23	64	-5.23	64	-5.23	64	-4.93	-5.23	64	1	27
P06737_6_839_1fa9.1.A_swissmodel_HIS_PLP_1.dlg	-12.63	19	-12.63	19	-3.89	19	-3.89	19	-5.01	15	-4.14	-6.12	27	1	43
P20132_4_322_1p5j.1.A_swissmodel_HIS_PLP_1.dlg	-14.48	52	-14.48	52	-5.95	52	-5.95	52	-6.02	82	-5.44	-6.02	82	1	38
Q9GZT4_1_340_3l6b_pdb_HIS_PLP_1.dlg	-14.17	69	-13.57	6	-6.69	69	-6.34	6	-6.5	21	-6.12	-6.69	69	2	43
P11926_1_461_2oo0_pdb_HIS_PLP_1.dlg	-11.09	24	-10.42	84	-4.19	24	-4.11	84	-4.11	84	-3.35	-6.16	55	2	30
O15382_28_392_1ekp_pdb_HIS_PLP_1.dlg	-13.66	35	-13.51	44	-4.82	35	-4.92	44	-5.41	7	-4.71	-8.1	78	2	26
Q8TD30_49_523_3ihj_pdb_HIS_PLP_2.dlg	-11.58	75	-11.58	75	-6.48	75	-6.48	75	-6.82	55	-6.1	-6.83	63	1	25
P06737_1_847_1l7x_pdb_HIS_PLP_2.dlg	-12.24	84	-11.95	48	-5.17	84	-4.93	48	-5.78	70	-5.39	-6.64	74	2	23
P04181_1_439_2byl_pdb_HIS_PLP_2.dlg	-9.35	32	-8.75	9	-2.8	32	-2.78	9	-4.24	74	-2.58	-5.07	88	6	22
Q16773_3_421_4ge9.1.A_swissmodel_HIS_PLP_1.dlg	-7.24	49	-7.24	49	-2.2	49	-2.2	49	-2.67	4	-1.69	-4.39	2	1	23
Q8TBG4_7_438_4ysn.1.A_swissmodel_HIS_PLP_4.dlg	-7.73	45	-7.22	87	-5.53	45	-4.76	87	-4.97	83	-2.86	-5.53	45	2	35
P06737_1_847_1em6_pdb_HIS_PLP_2.dlg	-12.11	1	-11.63	13	-5.25	1	-5.3	13	-5.76	94	-5.11	-6.29	49	4	22
P22557_151_541_2bwp.1.A_swissmodel_HIS_PLP_1.dlg	-8.59	51	-8.59	51	-5.48	51	-5.48	51	-5.48	51	-4.28	-5.71	18	1	55
Q8N5Z0_1_425_2r2n_pdb_HIS_PLP_1.dlg	-14.84	38	-14.75	3	-4.66	38	-4.47	3	-4.99	1	-4.2	-8.33	19	2	39
Q8TBG4_7_438_4ysn.1.A_swissmodel_HIS_PLP_2.dlg	-5.96	1	-5.94	63	-0.72	1	-2.85	63	-2.85	63	-0.62	-5.14	61	2	23
P20132_1_328_4h27_pdb_HIS_PLP_1.dlg	-11.61	1	-9.58	52	-5.14	1	-3.37	52	-3.94	45	-3.26	-5.98	46	9	14
P04181_1_439_2oat_pdb_HIS_PLP_4.dlg	-10.89	88	-10.89	88	-5.08	88	-5.08	88	-6.03	75	-5.3	-6.03	75	1	27
Q6YP21_41_450_3e2y.1.A_swissmodel_HIS_PLP_2.dlg	-16.19	90	-16.19	90	-5.95	90	-5.95	90	-6.62	55	-5.32	-7.56	48	1	65
P17174_14_412_3ii0_pdb_HIS_PLP_1.dlg	-16.13	89	-16.13	89	-5.64	89	-5.64	89	-6.46	93	-5.46	-6.46	93	1	34
Q96I15_8_445_3gzc_pdb_HIS_PLP_2.dlg	-9.01	96	-8.32	64	-5.22	96	-1.31	64	-2.63	50	-1.66	-5.22	96	5	27
Q9BYV1_65_508_5g4i.1.A_swissmodel_HIS_PLP_1.dlg	-9.0	51	-8.93	14	-4.27	51	-3.22	14	-4.61	95	-3.65	-4.88	99	2	28
Q8N5Z0_1_425_5tf5_pdb_HIS_PLP_1.dlg	-13.32	76	-13.32	76	-4.69	76	-4.69	76	-5.17	10	-4.38	-5.79	39	1	38
P32929_1_402_2nmp_pdb_HIS_PLP_2.dlg	-9.15	15	-9.09	10	-3.05	15	-3.99	10	-4.19	50	-3.57	-4.65	88	2	17
Q9Y697_67_457_5kz5_pdb_HIS_PLP_10.dlg
O15382_28_392_5hne_pdb_HIS_PLP_1.dlg	-13.44	77	-13.44	77	-4.76	77	-4.76	77	-5.44	21	-4.68	-8.29	78	1	25
P17735_51_442_4ge9.1.A_swissmodel_HIS_PLP_2.dlg	-10.5	82	-10.5	82	-3.97	82	-3.97	82	-4.01	38	-3.33	-5.93	23	1	35
P11217_13_837_3zcp.1.A_swissmodel_HIS_PLP_2.dlg	-12.6	44	-12.6	44	-5.28	44	-5.28	44	-5.62	95	-5.37	-6.37	40	1	27
P06737_2_847_1xoi_pdb_HIS_PLP_2.dlg	-12.98	81	-12.98	81	-5.64	81	-5.64	81	-5.64	81	-4.79	-6.57	78	1	38
Q8IUZ5_10_438_5g4i.1.A_swissmodel_HIS_PLP_1.dlg	-12.34	61	-12.34	36	-5.37	61	-5.62	36	-5.76	97	-5.25	-7.38	81	2	14
Q16773_1_422_4wlj_pdb_HIS_PLP_2.dlg	-14.57	44	-14.57	44	-5.29	44	-5.29	44	-5.82	98	-5.24	-6.16	65	1	93
P32929_1_405_3elp_pdb_HIS_PLP_3.dlg	-10.82	73	-10.18	59	-4.36	73	-3.71	59	-5.28	13	-4.38	-5.6	10	6	25
O15382_28_392_2hgx_pdb_HIS_PLP_2.dlg	-13.85	73	-12.93	83	-5.05	73	-4.89	83	-4.97	61	-4.51	-8.07	85	4	22
Q8NHS2_5_399_3wzf.1.A_swissmodel_HIS_PLP_2.dlg	-10.12	85	-10.12	85	-3.65	85	-3.65	85	-4.98	51	-3.53	-6.45	14	1	19
Q8N5Z0_1_425_4geb_pdb_HIS_PLP_2.dlg	-14.9	14	-14.9	14	-5.09	14	-5.09	14	-5.4	80	-4.49	-8.35	96	1	45
O95470_111_553_4q6r.1.A_swissmodel_HIS_PLP_1.dlg	-12.65	92	-12.65	92	-5.55	92	-5.55	92	-6.33	69	-5.51	-6.71	98	1	44
Q05329_88_584_2okk.1.A_swissmodel_HIS_PLP_1.dlg	-9.99	63	-9.99	63	-2.45	63	-2.45	63	-2.96	49	-2.29	-5.89	9	1	17
Q9Y600_7_493_2jis.1.A_swissmodel_HIS_PLP_2.dlg	-10.54	95	-10.54	95	-5.05	95	-5.05	95	-5.49	46	-4.67	-5.87	80	1	38
Q16773_4_422_4wp0.1.A_swissmodel_HIS_PLP_1.dlg	-13.36	63	-13.36	63	-5.79	63	-5.79	63	-5.79	63	-4.73	-6.53	70	1	87
P21549_1_392_1j04_pdb_HIS_PLP_2.dlg	-12.89	29	-12.89	29	-5.95	29	-5.95	29	-6.23	65	-5.63	-6.23	65	1	47
Q8N5Z0_1_425_3dc1_pdb_HIS_PLP_2.dlg	-11.8	43	-10.26	98	-4.11	43	-2.8	98	-3.49	82	-3.0	-5.96	85	5	28
Q16773_1_422_3fvu_pdb_HIS_PLP_2.dlg	-13.45	9	-13.05	62	-7.25	9	-5.93	62	-6.14	82	-5.51	-7.28	100	3	35
P32929_10_399_3cog.1.A_swissmodel_HIS_PLP_3.dlg	-9.96	24	-9.96	24	-3.4	24	-3.4	24	-5.12	87	-2.4	-6.62	2	1	30
O15382_28_392_5i60_pdb_HIS_PLP_1.dlg	-13.94	20	-13.94	20	-8.26	20	-8.26	20	-8.46	96	-7.51	-8.46	96	1	26
Q8N5Z0_2_425_2vgz_pdb_HIS_PLP_2.dlg	-13.82	16	-13.82	16	-5.02	16	-5.02	16	-5.13	66	-4.23	-7.03	11	1	80
P04181_1_439_2oat_pdb_HIS_PLP_3.dlg	-9.84	35	-9.17	62	-4.09	35	-3.56	62	-4.6	39	-4.1	-5.22	21	5	32
P04181_36_439_2byj.1.A_swissmodel_HIS_PLP_2.dlg	-10.12	42	-9.6	61	-3.49	42	-3.76	61	-4.73	69	-3.95	-5.93	54	6	12
Q9HD40_1_501_4zdo_pdb_HIS_PLP_4.dlg	-12.74	20	-12.74	20	-5.42	20	-5.42	20	-5.75	74	-4.63	-6.84	2	1	31
O15382_28_392_2hg8_pdb_HIS_PLP_1.dlg	-14.46	88	-14.31	29	-5.75	88	-4.56	29	-5.7	6	-4.64	-8.08	19	2	31
Q96I15_29_444_3gzc.1.A_swissmodel_HIS_PLP_1.dlg	-10.5	19	-10.27	8	-5.44	19	-4.97	8	-5.38	98	-4.74	-6.08	26	2	38
P20711_1_480_3rch_pdb_HIS_PLP_2.dlg	-11.1	53	-10.91	39	-4.66	53	-6.06	39	-6.06	39	-5.41	-6.35	57	2	13
Q05329_168_585_4obv.1.A_swissmodel_HIS_PLP_1.dlg	-11.02	87	-11.02	87	-3.2	87	-3.2	87	-3.85	70	-3.27	-5.99	77	1	38
O15382_28_392_2hgw_pdb_HIS_PLP_2.dlg	-14.32	82	-14.32	82	-4.76	82	-4.76	82	-5.51	25	-4.87	-7.96	28	1	36
Q9NUV7_155_530_2x8u.1.A_swissmodel_HIS_PLP_1.dlg	-10.8	31	-10.8	31	-4.0	31	-4.0	31	-5.39	50	-4.47	-6.0	56	1	42
Q9Y600_7_493_2jis.1.A_swissmodel_HIS_PLP_1.dlg	-10.67	68	-9.88	25	-4.51	68	-5.43	25	-5.5	92	-5.05	-5.8	64	8	17
Q8N5Z0_1_425_4gdy_pdb_HIS_PLP_1.dlg	-13.47	88	-13.47	88	-4.24	88	-4.24	88	-4.39	31	-3.89	-7.86	42	1	68
P11926_1_461_2on3_pdb_HIS_PLP_1.dlg	-11.02	56	-10.32	64	-5.59	56	-3.8	64	-4.19	55	-3.37	-5.77	82	2	33
P11926_2_421_4zgy_pdb_HIS_PLP_1.dlg	-10.68	69	-10.68	69	-4.52	69	-4.52	69	-4.74	25	-3.63	-6.39	16	1	21
Q9Y697_67_457_5kz5_pdb_HIS_PLP_4.dlg
Q96QU6_55_475_1m7y.1.A_swissmodel_HIS_PLP_1.dlg	-10.83	80	-9.45	70	-5.69	80	-3.88	70	-3.97	30	-3.58	-6.67	24	8	19
Q8N5Z0_1_425_5eun_pdb_HIS_PLP_1.dlg	-12.23	49	-12.23	49	-3.32	49	-3.32	49	-3.58	87	-2.71	-5.12	15	1	63
O15382_28_392_5i5w_pdb_HIS_PLP_2.dlg	-13.97	88	-13.97	88	-5.04	88	-5.04	88	-6.59	8	-4.89	-8.12	42	1	24
Q9HD40_1_501_4zdp_pdb_HIS_PLP_3.dlg	-12.51	35	-12.01	26	-6.14	35	-4.88	26	-5.15	6	-4.44	-6.36	13	3	37
O15382_28_392_5i5v_pdb_HIS_PLP_1.dlg	-13.92	20	-13.79	35	-4.96	20	-7.71	35	-8.04	98	-7.32	-8.04	98	2	29
O95470_62_568_4q6r_pdb_HIS_PLP_2.dlg	-12.79	79	-12.79	79	-5.32	79	-5.32	79	-6.38	21	-5.65	-6.63	8	1	30
O15382_28_392_5bwv_pdb_HIS_PLP_1.dlg	-15.05	1	-14.26	59	-5.6	1	-7.42	59	-8.74	95	-7.3	-8.74	95	3	40
P06737_6_839_1fa9.1.A_swissmodel_HIS_PLP_2.dlg	-12.41	66	-12.41	66	-4.31	66	-4.31	66	-5.02	83	-4.28	-5.89	34	1	50
Q9Y697_67_457_5kz5_pdb_HIS_PLP_5.dlg
P13196_189_573_3hqt.1.A_swissmodel_HIS_PLP_2.dlg	-9.59	82	-9.59	82	-3.34	82	-3.34	82	-4.19	24	-3.26	-5.73	16	1	51
Q8N5Z0_1_425_4geb_pdb_HIS_PLP_1.dlg	-14.43	32	-14.43	32	-4.85	32	-4.85	32	-5.14	68	-4.53	-8.23	19	1	38
Q16773_1_422_1w7m_pdb_HIS_PLP_2.dlg	-13.14	80	-13.14	80	-5.4	80	-5.4	80	-5.67	31	-5.22	-7.02	90	1	90
P06737_2_847_2ati_pdb_HIS_PLP_2.dlg	-12.29	74	-11.14	73	-4.14	74	-5.01	73	-5.87	94	-5.0	-6.25	71	3	35
O15270_145_538_1fc4.1.A_swissmodel_HIS_PLP_2.dlg	-6.47	98	-2.89	93	-3.72	98	-5.38	93	-5.38	93	-4.16	-5.38	93	6	25
P06737_24_832_3cem_pdb_HIS_PLP_2.dlg	-13.21	41	-12.74	15	-4.52	41	-6.19	15	-6.19	15	-5.2	-6.51	26	2	33
P06737_2_847_3dds_pdb_HIS_PLP_1.dlg	-12.27	26	-11.47	59	-4.26	26	-5.6	59	-5.73	98	-5.02	-6.07	73	2	20
Q99259_90_594_3vp6_pdb_HIS_PLP_1.dlg	-11.0	1	-10.67	75	-3.94	1	-3.19	75	-3.25	32	-2.53	-6.59	97	3	26
P13196_240_598_3tqx.1.A_swissmodel_HIS_PLP_2.dlg	-10.59	45	-9.99	48	-3.58	45	-3.81	48	-4.68	42	-3.86	-5.97	1	4	22
P34897_43_504_4pvf.1.A_swissmodel_HIS_PLP_1.dlg	-10.15	51	-10.15	51	-4.2	51	-4.2	51	-4.34	7	-3.55	-5.44	28	1	31
Q8IYQ7_1kl7.1.A_227_740_HIS_PLP_2.dlg	-10.81	72	-10.81	72	-4.08	72	-4.08	72	-4.16	39	-3.47	-6.65	75	1	55
P0DN79_43_545_4pcu.1.A_swissmodel_HIS_PLP_1.dlg	-10.74	95	-10.74	95	-3.6	95	-3.6	95	-4.02	16	-3.65	-5.53	72	1	35
P21549_1_392_1h0c_pdb_HIS_PLP_1.dlg	-11.57	44	-11.13	70	-5.3	44	-6.12	70	-6.12	70	-4.97	-6.25	81	2	25
Q16719_6_460_2hzp.1.A_swissmodel_HIS_PLP_2.dlg	-9.5	26	-8.11	30	-4.02	26	-2.15	30	-2.24	82	-1.94	-4.68	54	2	26
P34897_17_504_3ou5_pdb_HIS_PLP_2.dlg	-8.16	59	-7.79	48	-2.85	59	-2.87	48	-3.99	95	-2.78	-4.5	69	7	9
P06737_1_847_2zb2_pdb_HIS_PLP_1.dlg	-11.55	36	-11.55	36	-3.58	36	-3.58	36	-3.6	38	-3.39	-5.41	13	1	27
P11926_1_461_5bwa_pdb_HIS_PLP_1.dlg	-12.25	17	-12.15	20	-4.92	17	-5.09	20	-5.58	26	-4.72	-6.25	50	2	22
P11926_7_427_1d7k_pdb_HIS_PLP_2.dlg	-11.42	27	-11.42	27	-3.65	27	-3.65	27	-4.52	40	-3.56	-6.98	89	1	13
Q9BYV1_52_496_5g4i.1.A_swissmodel_HIS_PLP_2.dlg	-8.82	50	-8.82	50	-2.3	50	-2.3	50	-3.34	2	-2.22	-4.78	4	1	17
P22557_194_547_1fc4.1.A_swissmodel_HIS_PLP_1.dlg	-12.89	45	-12.89	45	-5.42	45	-5.42	45	-6.19	53	-5.41	-6.19	53	1	99
Q96QU6_63_482_1ynu.1.A_swissmodel_HIS_PLP_1.dlg	-13.12	1	-13.12	1	-5.17	1	-5.17	1	-5.83	68	-4.12	-5.93	65	1	50
P32929_1_402_2nmp_pdb_HIS_PLP_4.dlg	-12.14	91	-12.14	91	-5.75	91	-5.75	91	-5.93	80	-4.92	-5.93	80	1	22
P21549_1_392_4cbr_pdb_HIS_PLP_1.dlg	-10.77	30	-10.77	30	-5.72	30	-5.72	30	-6.04	94	-5.31	-7.21	36	1	32
O75600_74_419_2x8u.1.A_swissmodel_HIS_PLP_2.dlg	-11.11	17	-9.47	4	-5.15	17	-4.33	4	-4.88	52	-4.08	-5.43	82	3	36
P17735_41_444_3dyd.1.A_swissmodel_HIS_PLP_2.dlg	-11.33	53	-10.14	30	-6.34	53	-4.52	30	-4.75	1	-4.34	-6.34	53	2	32
Q99259_93_594_2okj_pdb_HIS_PLP_2.dlg	-13.01	96	-11.68	35	-6.58	96	-5.46	35	-5.58	57	-5.34	-6.75	31	3	21
P80404_39_499_4y0d.1.A_swissmodel_HIS_PLP_2.dlg	-11.94	32	-11.94	32	-5.7	32	-5.7	32	-5.7	32	-4.49	-5.91	79	1	39
Q8N5Z0_1_425_4ge4_pdb_HIS_PLP_1.dlg	-15.79	54	-15.79	54	-5.14	54	-5.14	54	-6.33	35	-5.23	-6.72	42	1	68
Q9HD40_1_501_4zdo_pdb_HIS_PLP_2.dlg	-12.81	44	-12.81	44	-5.02	44	-5.02	44	-5.6	34	-4.57	-6.76	31	1	39
P04181_1_439_2byl_pdb_HIS_PLP_1.dlg	-10.16	41	-10.16	41	-3.76	41	-3.76	41	-4.77	20	-3.49	-4.84	89	1	54
P20711_1_383_1js6.1.A_swissmodel_HIS_PLP_2.dlg	-10.13	99	-9.75	52	-5.26	99	-3.0	52	-3.47	42	-2.93	-5.34	49	2	32
P32929_1_402_3cog_pdb_HIS_PLP_2.dlg	-8.56	18	-8.08	39	-2.87	18	-3.17	39	-3.82	5	-3.3	-4.69	96	4	16
P04181_1_439_2byj_pdb_HIS_PLP_2.dlg	-10.38	71	-9.83	31	-4.76	71	-4.64	31	-4.88	95	-4.44	-5.61	96	2	19
Q05329_88_584_2okk_pdb_HIS_PLP_2.dlg	-10.78	37	-10.57	9	-3.47	37	-2.55	9	-3.38	45	-2.53	-6.34	31	2	32
P00505_30_430_5ax8_pdb_HIS_PLP_1.dlg	-13.22	83	-12.27	23	-4.89	83	-6.34	23	-6.97	29	-6.34	-7.15	26	2	20
Q9HD40_19_462_4zdl.1.A_swissmodel_HIS_PLP_1.dlg	-15.52	67	-15.52	67	-5.7	67	-5.7	67	-6.1	96	-5.74	-6.36	60	1	39
P06737_1_847_1l5r_pdb_HIS_PLP_3.dlg	-12.33	77	-12.22	86	-4.55	77	-5.75	86	-6.18	30	-5.07	-6.24	96	2	24
P06737_24_832_3cej_pdb_HIS_PLP_1.dlg	-11.95	98	-11.12	21	-4.37	98	-4.98	21	-5.67	4	-5.04	-6.02	85	5	14
O15382_28_392_5i5s_pdb_HIS_PLP_2.dlg	-14.31	89	-13.84	69	-6.86	89	-7.37	69	-7.74	25	-7.14	-7.75	98	2	35
O15382_28_392_5i5w_pdb_HIS_PLP_1.dlg	-14.09	56	-14.09	56	-5.25	56	-5.25	56	-5.26	57	-4.8	-7.4	37	1	28
P21549_1_392_4kxk_pdb_HIS_PLP_2.dlg	-8.23	32	-8.23	32	-4.41	32	-4.41	32	-4.41	32	-2.84	-4.68	75	1	27
Q8IYQ7_1kl7.1.A_227_740_HIS_PLP_1.dlg	-10.83	35	-10.83	35	-4.18	35	-4.18	35	-4.22	92	-3.42	-5.55	56	1	61
Q96I15_29_444_3gzc.1.A_swissmodel_HIS_PLP_2.dlg	-9.52	52	-7.87	7	-5.63	52	-1.4	7	-2.67	70	-1.7	-5.63	52	6	35
P0DN79_43_545_4pcu.1.A_swissmodel_HIS_PLP_2.dlg	-9.06	42	-8.82	30	-4.42	42	-4.8	30	-5.73	90	-4.91	-5.76	52	3	23
Q9GZT4_3_329_3l6r.1.A_swissmodel_HIS_PLP_2.dlg	-13.58	34	-13.0	83	-6.2	34	-6.11	83	-6.11	83	-5.79	-6.2	34	2	36
O75600_41_418_3tqx.1.A_swissmodel_HIS_PLP_1.dlg	-10.97	96	-10.97	96	-5.34	96	-5.34	96	-5.75	6	-5.3	-5.75	6	1	42
Q96I15_8_445_3gzd_pdb_HIS_PLP_2.dlg	-11.0	5	-9.4	43	-5.79	5	-1.87	43	-2.19	61	-1.8	-5.96	45	4	29
P06737_1_847_1l5q_pdb_HIS_PLP_4.dlg	-12.85	55	-11.91	10	-4.48	55	-5.8	10	-6.42	79	-5.25	-6.42	79	2	35
P21549_1_392_1h0c_pdb_HIS_PLP_2.dlg	-11.33	31	-11.33	31	-6.23	31	-6.23	31	-6.23	31	-5.34	-6.23	31	1	31
P04181_38_439_1gbn_pdb_HIS_PLP_4.dlg	-10.74	68	-9.66	1	-5.57	68	-4.37	1	-4.45	46	-3.84	-5.87	3	5	19
P04181_1_439_2byj_pdb_HIS_PLP_1.dlg	-10.42	35	-8.85	31	-5.13	35	-4.76	31	-5.21	64	-4.52	-5.61	10	7	17
P11216_22_840_5iko.1.A_swissmodel_HIS_PLP_2.dlg	-11.89	4	-11.89	80	-4.77	4	-5.3	80	-5.61	71	-4.19	-6.28	89	2	22
P04181_38_439_1gbn_pdb_HIS_PLP_3.dlg	-10.63	89	-10.47	35	-5.7	89	-4.14	35	-4.19	43	-3.47	-5.7	89	2	20
P32929_1_402_2nmp_pdb_HIS_PLP_1.dlg	-12.54	2	-12.54	2	-5.68	2	-5.68	2	-5.82	88	-4.62	-6.28	70	1	43
P20711_1_480_3rbf_pdb_HIS_PLP_1.dlg	-10.43	65	-10.43	65	-3.97	65	-3.97	65	-4.05	78	-3.54	-5.36	73	1	19
P34897_22_504_4pvf_pdb_HIS_PLP_3.dlg	-11.44	81	-11.44	81	-5.25	81	-5.25	81	-6.3	95	-5.31	-6.54	66	1	43
O15382_28_392_1ekf_pdb_HIS_PLP_1.dlg	-14.26	70	-12.31	74	-4.9	70	-4.5	74	-4.84	60	-4.44	-8.58	45	5	20
Q9Y617_17_370_3e77.1.A_swissmodel_HIS_PLP_2.dlg	-11.15	79	-10.51	35	-5.21	79	-5.61	35	-5.66	77	-5.14	-5.8	55	7	18
Q8N5Z0_1_425_3ue8_pdb_HIS_PLP_2.dlg	-12.8	72	-12.8	72	-4.89	72	-4.89	72	-5.1	7	-4.39	-5.14	2	1	41
P34896_8_483_1eji.1.D_swissmodel_HIS_PLP_4.dlg	-8.96	91	-8.47	26	-4.15	91	-4.15	26	-4.31	79	-3.85	-4.77	36	2	25
P19113_2_477_4e1o.1.A_swissmodel_HIS_PLP_2.dlg	-12.79	99	-12.79	99	-5.14	99	-5.14	99	-5.56	49	-5.15	-5.81	53	1	52
P06737_1_847_1em6_pdb_HIS_PLP_1.dlg	-11.97	28	-11.97	28	-5.05	28	-5.05	28	-5.32	33	-4.09	-6.54	71	1	21
O15382_28_392_5bwx_pdb_HIS_PLP_2.dlg	-14.42	70	-14.42	70	-5.08	70	-5.08	70	-6.85	46	-4.91	-8.3	86	1	45
P34897_43_504_4pvf.1.A_swissmodel_HIS_PLP_3.dlg	-10.09	93	-10.09	93	-5.15	93	-5.15	93	-5.63	53	-4.92	-6.03	47	1	45
P21549_1_392_4kxk_pdb_HIS_PLP_1.dlg	-8.32	21	-4.7	95	-4.14	21	-3.71	95	-4.65	56	-3.79	-4.69	60	4	31
P20711_1_480_3rbl_pdb_HIS_PLP_2.dlg	-10.54	19	-8.6	46	-2.4	19	-5.6	46	-5.6	46	-5.41	-6.39	70	12	14
Q16773_1_422_1w7n_pdb_HIS_PLP_2.dlg	-15.44	94	-15.44	94	-5.15	94	-5.15	94	-5.53	77	-4.56	-7.35	88	1	79
Q9HD40_19_462_4zdl.1.A_swissmodel_HIS_PLP_3.dlg	-15.85	91	-15.85	91	-5.83	91	-5.83	91	-6.3	71	-5.71	-6.62	56	1	42
P17735_51_442_4ge9.1.A_swissmodel_HIS_PLP_1.dlg	-9.55	41	-9.55	41	-3.79	41	-3.79	41	-3.98	51	-3.59	-5.15	83	1	34
P06737_1_847_1l7x_pdb_HIS_PLP_3.dlg	-12.63	71	-11.59	45	-4.43	71	-4.9	45	-5.24	46	-4.51	-6.03	28	2	21
O95470_111_553_4q6r.1.A_swissmodel_HIS_PLP_2.dlg	-12.41	44	-12.41	44	-5.53	44	-5.53	44	-6.39	50	-5.53	-6.39	50	1	33
Q16773_1_422_1w7m_pdb_HIS_PLP_1.dlg	-13.11	35	-13.11	35	-5.32	35	-5.32	35	-5.84	51	-5.18	-6.99	43	1	87
Q9GZT4_1_340_3l6r_pdb_HIS_PLP_2.dlg	-10.98	59	-10.98	59	-5.25	59	-5.25	59	-5.51	18	-5.05	-5.76	62	1	21
O15382_28_392_1ekf_pdb_HIS_PLP_2.dlg	-14.43	18	-12.46	24	-5.22	18	-4.56	24	-4.74	11	-4.29	-8.05	19	5	28
O14977_2_437_4zgz_pdb_HIS_PLP_1.dlg	-6.63	47	-6.63	47	-1.75	47	-1.75	47	-2.22	64	-1.77	-4.3	78	1	11
O15382_28_392_2hdk_pdb_HIS_PLP_1.dlg	-13.59	2	-13.59	2	-4.75	2	-4.75	2	-5.71	90	-4.57	-7.66	99	1	42
P06737_1_847_1l5s_pdb_HIS_PLP_2.dlg	-12.19	47	-12.19	47	-6.19	47	-6.19	47	-6.35	58	-5.3	-6.35	58	1	36
Q96QU6_63_482_1ynu.1.A_swissmodel_HIS_PLP_2.dlg	-12.58	35	-12.58	35	-4.82	35	-4.82	35	-5.9	43	-3.96	-5.9	43	1	57
Q4AC99_168_554_3ath.1.A_swissmodel_HIS_PLP_1.dlg	-9.7	63	-9.45	29	-3.71	63	-3.62	29	-3.68	65	-3.31	-6.19	25	2	54
O14977_10_432_4zgz.1.A_swissmodel_HIS_PLP_1.dlg	-6.74	72	-6.74	72	-3.29	72	-3.29	72	-4.1	22	-3.12	-4.12	30	1	29
P11216_1_843_5iko_pdb_HIS_PLP_1.dlg	-12.95	51	-12.95	51	-5.15	51	-5.15	51	-5.42	44	-5.05	-5.95	52	1	30
P04181_38_439_1gbn_pdb_HIS_PLP_1.dlg	-10.84	6	-10.44	60	-5.72	6	-4.06	60	-4.25	96	-3.53	-5.8	82	2	24
Q9Y697_67_457_5kz5_pdb_HIS_PLP_2.dlg
P32929_1_405_3elp_pdb_HIS_PLP_1.dlg	-10.68	49	-10.44	51	-4.11	49	-5.28	51	-5.34	35	-4.52	-6.15	11	2	14
Q8TD30_49_523_3ihj_pdb_HIS_PLP_1.dlg	-11.25	74	-11.25	74	-5.35	74	-5.35	74	-5.88	27	-4.56	-6.13	46	1	25
P21549_6_392_3r9a.1.A_swissmodel_HIS_PLP_1.dlg	-12.24	18	-12.24	18	-5.44	18	-5.44	18	-6.01	58	-5.18	-6.72	59	1	41
P17735_41_444_3dyd_pdb_HIS_PLP_2.dlg	-11.71	24	-9.77	7	-6.55	24	-4.41	7	-4.6	95	-4.26	-6.61	100	3	56
P32929_10_399_3cog.1.A_swissmodel_HIS_PLP_1.dlg	-10.7	67	-10.7	67	-5.56	67	-5.56	67	-5.66	79	-3.64	-5.66	79	1	47
Q05329_88_584_2okk.1.A_swissmodel_HIS_PLP_2.dlg	-10.77	26	-10.77	26	-3.14	26	-3.14	26	-3.26	43	-2.98	-5.86	73	1	18
Q4AC99_134_553_1m7y.1.A_swissmodel_HIS_PLP_2.dlg	-9.56	73	-9.56	73	-5.26	73	-5.26	73	-5.82	35	-5.4	-5.82	35	1	25
P54687_1_386_2coi_pdb_HIS_PLP_2.dlg	-13.09	5	-13.09	5	-4.49	5	-4.49	5	-5.25	59	-4.3	-6.7	12	1	56
O15382_28_392_1ekp_pdb_HIS_PLP_2.dlg	-13.66	44	-13.66	44	-4.85	44	-4.85	44	-5.86	48	-4.86	-7.77	26	1	31
Q9Y697_67_457_5kz5_pdb_HIS_PLP_3.dlg
Q4AC99_168_554_3ath.1.A_swissmodel_HIS_PLP_2.dlg	-8.77	89	-8.32	34	-3.13	89	-2.3	34	-2.39	87	-1.65	-5.39	63	2	16
Q9HD40_1_501_4zdp_pdb_HIS_PLP_1.dlg	-12.51	100	-12.14	83	-6.05	100	-6.25	83	-6.25	83	-5.4	-6.26	38	2	25
O15382_28_392_5i5v_pdb_HIS_PLP_2.dlg	-13.93	4	-13.93	4	-5.08	4	-5.08	4	-6.13	71	-4.85	-8.04	40	1	30
P13196_199_595_2bwp.1.A_swissmodel_HIS_PLP_1.dlg	-8.99	24	-8.99	24	-4.76	24	-4.76	24	-5.59	71	-4.48	-5.59	71	1	45
O15382_28_392_1kta_pdb_HIS_PLP_2.dlg	-13.91	33	-13.34	70	-5.14	33	-4.27	70	-5.58	46	-4.42	-6.3	99	3	34
Q4AC99_134_553_1m7y.1.A_swissmodel_HIS_PLP_1.dlg	-9.63	97	-9.56	46	-4.4	97	-5.39	46	-5.96	3	-5.56	-5.96	3	2	24
P20711_1_480_3rbl_pdb_HIS_PLP_1.dlg	-10.22	13	-10.22	13	-3.81	13	-3.81	13	-3.88	19	-3.22	-5.48	71	1	18
P11216_22_840_5iko.1.A_swissmodel_HIS_PLP_3.dlg	-11.99	97	-11.54	36	-3.39	97	-4.41	36	-5.16	11	-4.65	-5.16	11	3	34
O15382_28_392_2hgw_pdb_HIS_PLP_1.dlg	-14.36	33	-14.36	33	-5.72	33	-5.72	33	-6.55	48	-5.11	-8.33	52	1	36
Q8N5Z0_2_425_2vgz_pdb_HIS_PLP_1.dlg	-12.82	17	-10.39	91	-4.13	17	-3.63	91	-3.63	91	-3.41	-6.71	79	6	18
Q99259_90_594_3vp6_pdb_HIS_PLP_2.dlg	-13.21	82	-13.21	82	-4.98	82	-4.98	82	-5.12	2	-4.29	-6.89	68	1	39
Q6ZQY3_35_521_2jis.1.A_swissmodel_HIS_PLP_2.dlg	-11.55	52	-10.77	86	-4.16	52	-4.62	86	-4.62	86	-4.34	-5.9	83	6	20
Q8N5Z0_1_425_2xh1_pdb_HIS_PLP_2.dlg	-14.14	94	-14.14	94	-5.29	94	-5.29	94	-5.4	84	-4.51	-7.75	20	1	47
O15382_28_392_2a1h_pdb_HIS_PLP_1.dlg	-14.39	70	-14.39	70	-4.87	70	-4.87	70	-5.01	87	-4.5	-7.81	58	1	47
Q9HD40_1_501_3hl2_pdb_HIS_PLP_3.dlg	-13.55	95	-13.55	95	-5.97	95	-5.97	95	-6.58	11	-6.06	-6.58	11	1	62
P34897_22_504_4pvf_pdb_HIS_PLP_1.dlg	-11.47	79	-11.47	79	-4.63	79	-4.63	79	-4.63	79	-3.9	-5.84	89	1	43
Q9HD40_19_462_4zdl.1.A_swissmodel_HIS_PLP_4.dlg	-15.36	12	-15.36	12	-6.02	12	-6.02	12	-6.27	88	-5.93	-6.94	79	1	14
O15382_28_392_5bwu_pdb_HIS_PLP_1.dlg	-14.72	24	-13.99	81	-7.02	24	-7.62	81	-7.62	81	-7.06	-7.81	56	3	36
Q8N5Z0_1_425_5efs_pdb_HIS_PLP_1.dlg	-13.73	37	-13.73	37	-4.94	37	-4.94	37	-5.31	75	-4.26	-7.9	54	1	56
P34897_43_504_4pvf.1.A_swissmodel_HIS_PLP_4.dlg	-9.35	4	-8.34	10	-3.45	4	-4.35	10	-5.22	91	-4.62	-5.22	91	6	21
O15270_177_540_2bwp.1.A_swissmodel_HIS_PLP_2.dlg	-7.66	97	-7.66	97	-3.63	97	-3.63	97	-5.14	52	-3.77	-6.2	35	1	24
Q96I15_8_445_3gzc_pdb_HIS_PLP_1.dlg	-11.12	40	-10.44	14	-5.66	40	-4.89	14	-5.3	85	-4.61	-5.66	40	2	26
P06737_2_847_2ati_pdb_HIS_PLP_1.dlg	-11.78	3	-11.78	3	-4.41	3	-4.41	3	-4.95	53	-4.37	-6.09	91	1	16
P21549_1_392_4kyo_pdb_HIS_PLP_2.dlg	-9.86	74	-9.86	74	-4.93	74	-4.93	74	-5.15	86	-4.69	-5.81	23	1	25
P20132_1_328_1p5j_pdb_HIS_PLP_1.dlg	-14.83	91	-14.83	91	-6.03	91	-6.03	91	-6.16	88	-5.78	-6.42	93	1	47
Q8N5Z0_1_425_3dc1_pdb_HIS_PLP_1.dlg	-13.56	2	-13.56	2	-5.91	2	-5.91	2	-5.91	2	-4.66	-7.91	19	1	39
P21549_1_392_3r9a_pdb_HIS_PLP_1.dlg	-12.46	60	-12.46	60	-5.92	60	-5.92	60	-6.08	64	-5.22	-6.59	1	1	43
Q8NHS2_5_399_3wzf.1.A_swissmodel_HIS_PLP_1.dlg	-11.48	1	-10.88	44	-6.72	1	-3.71	44	-4.31	79	-3.33	-6.72	1	3	27
P11926_1_461_2oo0_pdb_HIS_PLP_2.dlg	-10.41	40	-9.76	42	-4.49	40	-3.67	42	-3.73	43	-3.12	-6.08	65	3	30
Q16773_1_422_3fvs_pdb_HIS_PLP_2.dlg	-12.78	88	-8.9	95	-4.84	88	-4.89	95	-5.18	60	-4.52	-5.75	49	5	38
P06737_1_847_1l7x_pdb_HIS_PLP_1.dlg	-12.61	15	-11.11	24	-4.48	15	-5.49	24	-6.33	30	-5.16	-6.33	30	4	24
Q8N5Z0_1_425_3ue8_pdb_HIS_PLP_1.dlg	-14.99	98	-14.99	98	-4.8	98	-4.8	98	-5.18	80	-4.52	-8.19	92	1	77
Q9HD40_1_501_4zdo_pdb_HIS_PLP_1.dlg	-11.78	50	-11.65	90	-5.92	50	-4.41	90	-4.81	85	-4.34	-6.23	80	2	24
Q9Y697_67_457_5kz5_pdb_HIS_PLP_9.dlg
P04181_38_439_1gbn_pdb_HIS_PLP_2.dlg	-10.63	42	-9.72	36	-5.57	42	-5.02	36	-5.09	64	-4.55	-5.57	42	6	44
Q16773_1_422_4wlj_pdb_HIS_PLP_1.dlg	-14.75	81	-14.75	81	-5.58	81	-5.58	81	-5.94	75	-5.24	-7.36	3	1	84
O15382_28_392_5bwr_pdb_HIS_PLP_2.dlg	-13.86	93	-13.86	93	-8.13	93	-8.13	93	-8.17	48	-7.29	-8.17	48	1	25
Q9Y697_67_457_5kz5_pdb_HIS_PLP_7.dlg
P17174_2_413_3wzf.1.A_swissmodel_HIS_PLP_1.dlg	-12.16	4	-11.77	24	-4.78	4	-3.71	24	-3.71	24	-3.24	-8.2	85	3	35
P20711_1_383_1js6.1.A_swissmodel_HIS_PLP_1.dlg	-11.17	44	-11.17	44	-5.53	44	-5.53	44	-5.76	34	-4.84	-5.76	34	1	25
P06737_2_847_1xoi_pdb_HIS_PLP_1.dlg	-12.17	92	-12.06	91	-4.04	92	-5.79	91	-6.39	32	-5.41	-6.39	32	2	28
P06737_1_847_2zb2_pdb_HIS_PLP_2.dlg	-12.51	73	-11.56	48	-4.11	73	-4.46	48	-5.01	10	-4.55	-6.48	78	2	28
P21549_1_392_4cbs_pdb_HIS_PLP_1.dlg	-11.35	52	-11.35	52	-5.54	52	-5.54	52	-5.82	22	-4.72	-5.88	11	1	57
Q9Y697_67_457_5kz5_pdb_HIS_PLP_6.dlg
O15382_28_392_5bwr_pdb_HIS_PLP_1.dlg	-14.0	73	-13.57	37	-7.64	73	-7.54	37	-7.74	95	-7.22	-7.87	88	2	22
P34896_8_483_1eji.1.D_swissmodel_HIS_PLP_1.dlg	-10.16	26	-10.12	40	-5.38	26	-5.58	40	-5.93	69	-5.08	-5.93	69	2	50
P06737_24_832_3cem_pdb_HIS_PLP_1.dlg	-13.71	49	-13.71	49	-4.68	49	-4.68	49	-5.48	62	-4.45	-6.2	69	1	39
P00505_30_430_5ax8_pdb_HIS_PLP_2.dlg	-15.87	28	-15.87	28	-5.04	28	-5.04	28	-5.47	79	-4.83	-8.26	70	1	30
Q9HD40_1_501_4zdl_pdb_HIS_PLP_3.dlg	-13.83	68	-13.83	68	-4.94	68	-4.94	68	-5.66	10	-4.98	-6.08	75	1	45
Q96EN8_35_495_5j8q.1.A_swissmodel_HIS_PLP_1.dlg	-9.28	64	-8.96	90	-4.83	64	-2.61	90	-3.4	48	-2.53	-5.06	75	2	24
Q96GA7_11_328_2rkb.1.A_swissmodel_HIS_PLP_2.dlg	-11.59	99	-9.89	64	-4.89	99	-4.84	64	-5.32	51	-4.7	-6.3	78	5	16
Q9NUV7_105_529_4bmk.1.A_swissmodel_HIS_PLP_1.dlg	-12.89	92	-12.89	92	-4.41	92	-4.41	92	-5.63	50	-4.55	-5.65	11	1	84
P32929_1_405_3elp_pdb_HIS_PLP_4.dlg	-9.31	99	-9.23	41	-2.21	99	-4.91	41	-4.98	49	-4.44	-5.28	1	3	12
Q9NUV7_105_529_4bmk.1.A_swissmodel_HIS_PLP_2.dlg	-13.36	67	-13.36	67	-4.93	67	-4.93	67	-5.37	38	-4.81	-5.46	100	1	95
P54687_1_386_2coj_pdb_HIS_PLP_2.dlg	-13.11	46	-13.11	46	-5.87	46	-5.87	46	-6.56	84	-4.48	-7.18	89	1	35
P06737_2_847_3dd1_pdb_HIS_PLP_1.dlg	-13.57	34	-13.57	34	-4.72	34	-4.72	34	-4.88	87	-4.38	-6.27	32	1	46
O15382_28_392_5i5s_pdb_HIS_PLP_1.dlg	-14.09	79	-13.81	11	-6.18	79	-7.24	11	-7.38	21	-6.94	-7.38	21	3	29
Q6ZQY3_35_520_5hsj.1.A_swissmodel_HIS_PLP_2.dlg	-9.89	52	-9.39	93	-4.78	52	-3.99	93	-4.07	66	-3.52	-5.11	79	5	20
P34897_17_504_3ou5_pdb_HIS_PLP_1.dlg	-8.91	54	-7.69	74	-3.97	54	-3.31	74	-4.1	33	-3.53	-4.52	92	7	13
P06737_24_832_3cej_pdb_HIS_PLP_2.dlg	-12.43	93	-11.99	28	-4.58	93	-4.23	28	-4.86	37	-3.74	-6.05	78	2	26
P04181_1_439_1oat_pdb_HIS_PLP_2.dlg	-9.55	52	-8.93	66	-4.43	52	-4.64	66	-4.7	82	-4.3	-6.07	29	5	14
P06737_1_847_1l5r_pdb_HIS_PLP_2.dlg	-11.82	93	-11.49	6	-4.18	93	-5.33	6	-5.68	64	-5.12	-5.78	72	2	30
Q16773_1_422_3fvx_pdb_HIS_PLP_2.dlg	-13.07	80	-8.96	19	-4.84	80	-4.26	19	-4.93	76	-4.37	-6.55	16	4	29
P04181_36_439_2byj.1.A_swissmodel_HIS_PLP_1.dlg	-10.38	73	-9.29	24	-4.84	73	-4.5	24	-4.92	97	-4.54	-5.84	84	8	22
Q9Y617_17_370_3e77_pdb_HIS_PLP_1.dlg	-10.47	88	-10.41	33	-4.02	88	-2.97	33	-3.78	90	-3.08	-6.34	16	3	21
P21549_6_392_3r9a.1.A_swissmodel_HIS_PLP_2.dlg	-11.32	74	-11.32	74	-4.83	74	-4.83	74	-5.22	45	-4.36	-6.72	80	1	36
Q9GZT4_1_340_3l6b_pdb_HIS_PLP_2.dlg	-13.58	1	-13.56	59	-6.44	1	-6.2	59	-6.49	66	-6.04	-6.69	97	2	45
P13196_240_598_3tqx.1.A_swissmodel_HIS_PLP_1.dlg	-10.41	13	-10.36	83	-4.37	13	-4.84	83	-5.07	91	-4.4	-5.94	46	3	20
P04181_38_439_2can_pdb_HIS_PLP_2.dlg	-10.4	98	-9.88	54	-4.67	98	-3.79	54	-3.79	54	-2.85	-5.14	73	3	11
P06737_1_847_1l7x_pdb_HIS_PLP_4.dlg	-12.18	80	-12.01	87	-5.31	80	-4.99	87	-5.7	18	-5.32	-6.7	93	2	24
P17174_14_412_3ii0_pdb_HIS_PLP_2.dlg	-15.51	11	-12.69	20	-5.24	11	-3.89	20	-5.27	23	-4.16	-6.42	74	4	28
P11216_1_843_5ikp_pdb_HIS_PLP_1.dlg	-14.25	69	-14.25	69	-3.54	69	-3.54	69	-3.91	53	-3.56	-4.0	74	1	34
P20711_1_480_3rch_pdb_HIS_PLP_1.dlg	-8.04	51	-8.04	51	-2.26	51	-2.26	51	-2.58	71	-2.18	-5.95	100	1	17
P22557_194_547_1fc4.1.A_swissmodel_HIS_PLP_2.dlg	-13.07	19	-13.07	19	-5.69	19	-5.69	19	-5.84	18	-5.21	-5.84	18	1	85
P11216_1_843_5iko_pdb_HIS_PLP_3.dlg	-12.17	31	-12.17	31	-5.22	31	-5.22	31	-5.57	91	-5.02	-5.57	91	1	42
P06737_24_832_3ceh_pdb_HIS_PLP_1.dlg	-12.01	88	-12.01	88	-6.16	88	-6.16	88	-6.16	88	-4.33	-6.16	88	1	17
P13196_189_573_3hqt.1.A_swissmodel_HIS_PLP_1.dlg	-10.71	40	-9.87	26	-6.26	40	-3.8	26	-4.81	58	-3.52	-6.92	81	2	35
Q8TBG4_7_438_4ysn.1.A_swissmodel_HIS_PLP_1.dlg	-7.94	78	-7.94	78	-3.02	78	-3.02	78	-4.3	33	-2.35	-5.42	65	1	36
P04181_1_439_2oat_pdb_HIS_PLP_2.dlg	-10.33	4	-9.31	76	-5.08	4	-4.44	76	-4.63	17	-4.41	-6.19	89	8	30
P11216_1_843_5iko_pdb_HIS_PLP_2.dlg	-11.89	21	-11.89	21	-3.05	21	-3.05	21	-4.1	26	-3.57	-5.69	85	1	24
O15382_28_392_5bwt_pdb_HIS_PLP_1.dlg	-14.15	34	-13.78	49	-5.65	34	-7.23	49	-7.8	29	-7.0	-8.14	59	2	29
O15382_28_392_1kt8_pdb_HIS_PLP_2.dlg	-13.72	70	-13.72	70	-5.63	70	-5.63	70	-6.22	95	-4.83	-6.61	10	1	60
